,stopwords
0,obat salah golongan obat pengobatan diabetes melitus dm tipe 2 acarbose penderita diabetes mellitus diterapi obat antidiabetes diminum baca juga: gula darah stabil berhenti minum obat diabetes
1,penyakit mata glukoma obat obat mengobati jenis glukoma glukoma sudut terbuka glukoma sekunder operasi glukoma sudut tertutup obat mengurangi cairan menumpuk bola mata menyebabkan ketegangan bola mata penyebab glukoma mata penumpukan cairan tubuh bengkakedema akibat penyakit gagal jantung kongestif pengaruh obat-obatan diterapi acetazolamide kinerja acetazolamide menurun seiring durasi singkat kerjanya mengurangi cairan tubuh mata obat obat mengobati epilepsi penyakit ayan baca juga: fakta gangguan mata ketahui!
2,kebanyakan minum parasetamol overdosis obat penawarnya mencegah kerusakan ginjal mukolitik mengencerkan dahak obat pasien gangguan bronkopulmonalis akut kronis pneumonia bronkitis emfisema tracheobronchitis bronkitis kronis asma tbc bronkiektasis amiloidosis paru-paru primer atelektasis pengerutan jaringan paru disebabkan penyumbatan lendir penderita kista fibrosis paru memproduksi dahak normal kental dahak mengental saluran napas lengket dahak dicairkan mukolitik salah satunya acetylcysteine baca juga: memilih obat batuk kenali jenis batuknya!
3,acrivastine obat mengatasi rhinitis akibat perubahan musim obat mengobati idiopati urtikaria kronis gatal-gatal biduran penyebabnya
4,acyclovir topikal acyclovir pentuknya salep pengobatan infeksi herpes simpleks herpes alat kelamin mencegah herpes simpleks berulang pencegahan herpes simplex pasien bermasalah sistem imun pengobatan varicella zoster cacar air pengobatan herpes zoster cacar ularcacar api pengobatan herpes labialis herpes bibir mulut berulang pengobatan kali genital herpes pengobatan herpes simplex encephalitis peradangan otak akibat virus herpes
5,obat antivirus mengobati jenis infeksi herpes herpes simpleks alat kelamin mencegah kekambuhan acyclovir pencegahan herpes simplex pasien bermasalah sistem imunnya cacar air varicella zoster cacar ularcacar api herpes zoster obat mengobati herpesherpes labialis herpes bibir mulut berulang pengobatan kali genital herpes pengobatan herpes simplex encephalitis peradangan otak akibat virus herpes baca juga: cacar monyet penyakit-penyakit ditularkan hewan manusia!
6,albendazole obat khusus mengobati penyakit ekinokokus ekinokokus penyakit disebabkan cacing pita parasit larvanya berasal anjing obat mengobati penyakit sistiserkosis infeksi disebabkan cacing pita larva cacing pita berasal daging babi memengaruhi otak otot jaringan
7,albumin pengobatan mengalami kondisi hipovolemia kekurangan cairan tubuh hipoalbuminemia kekurangan albumin tindakan pengeluaran cairan perut pasien ascites penumpukan cairan rongga perut perut membesar albumin bersamaan obat diuretik menangani kelebihan volume cairan kaitan sindrom distres pernapasan dewasa ards obat mengobati edema bengkak pasien nefrosis kerusakan nefron ginjal akut sulit disembuhkan terapi obat cyclophosphamide kortikosteroid albumin diindikasikan pengobatan hiperbilirubinemia kada bilirubin bayi lahir
8,allopurinol obat terapi asam urat asam urat istilah medis gout ditandai merah pembengkakan sendi asam urat kelebihan asam urat darah hiperurisemia jenis kanker menyebabkan hiperurisemia diobati obat mengobati penyumbatan akibat batu ginjal disebabkan kalsium oksalat kerap kambuh bnf 68th
9,allylestrenol berisiko mengalami keguguran hamil keguguran berulang risiko persalinan prematur rahim pembuahan merangsang jaringan alveolar payudara persiapan menyusui iso vol 50
10,alpha-lipoic acid ala obat efektif perawatan kulit manfaatnya mencegah penuaan kulit memperbaiki elastisitas kulit mengurangi kerutan kulit kasar akibat penuaan kulit perawatan kulit obat menurunkan komplikasi orang mengalami operasi bypass jantung menstabilkan kadar gula darah penderita diabetes melitus tipe 2 mengurangi gejala terbakar nyeri mati pergelangan kaki lengan penderita diabetes membantu menurunkan berat badan
11,alprazolam terapi gangguan kecemasan jangka pendek terapi mengalami gangguan serangan panik
12,aluminium hidroksida obat sakit lambung maag golongan antasida menetralkan asam lambung berlebih mengobati luka tukak lambung gastritis iritasi lambung sakit maag aluminium hidroksida mengobati hiperfosfatemia kelebihan kadar fosfat darah kondisi dilamai pasien gagal ginjal kronis pelindung kulit
13,ambroxol pengobatan pasien penyakit-penyakit saluran pernapasan dimana produksi lendir dahak penyakit emfisema radang paru kronis bronkiektasis perburukan gejala bronkitis kronis akut bronkitis asmatik asma bronkial radang rinofaringeal obat mengurangi sakit tenggorokan memiliki efek antiinflamasi
14,amikacin antibiotik infeksi serius disebabkan bakteri contoh infeksi serius diatasi obat septikemia sepsis infeksi bakteri menyebar darah infeksi diobati amikacin meningitis atauinfeksi sistem saraf pusat infeksi saluran pernapasan serius ispa infeksi tulang sendi kulit jaringan lunak infeksi rongga perut infeksi akibat luka bakar pasca operasi amikacin kadang pasien menjalani bedah vaskular bedah sistem peredaran darah obat infeksi saluran kemih kambuh mengalami komplikasi
15,amineptine obat mengatasi depresi gangguan psikologis
16,aminofilin obat mengobati penyempitan saluran udara paru-paru istilah medis bronkospasma akut kronis
17,amiodarone obat mengobati supraventikular kondisi peningkatan kecepatan denyut jantung obat mengobati gangguan irama jantung penyebabnya berasal bilik jantung ventrikel ventrikular aritmia obat orang-orang mengalami henti jantung pulseless ventrikular takikardi
18,kegunaan obat mengatasi depresi kebiasaan ngompol malam
19,salah obat mengobati darah mengobati serangan jantung prinzmetal angina stable angina
20,obat mengobati batuk gangguan pernafasan mencairkan lendir saluran pernafasan mengurangi reflek batuk menghilangkan gatal tenggorokan iso vol 50 amonium klorida sebagain agen pengasam kondisi dimana darah pasien basa ph nya
21,amoxapine obat mengobati gejala depresi kecemasan agitasi resah gelisah mengobati depresi meningkatkan mood kebahagiaan kualitas hidup penderitanya
22,amoxicillin antibiotik mengobati infeksi bakteri peka amoxicillin h influenzae n gonorrhoea e coli pneumococci streptococci staphylococci infeksi bakteri diobati amoxicillin infeksi gusi saluran napas amoxicillin salah antibiotik bemanfaat bijaksana infeksi diatasi amoxicillin infeksi gusi bernanah infeksi saluran kemih gonorrhoea infeksi bakteri h pylori infeksi saluran pernapasan berat kambuhan actinomycosis penyakit kulit akibat infeksi jamur infeksi saluran empedu bronkitis infeksi cabang tenggorokan endokarditis infeksi lapisan jantung gastroenteritis infeksi lambung infeksi mulut otitis media infeksi telingan pneumonia demam tifoid faringitis radang tenggorokan infeksi amandel
23,amphotericin b mengobati infeksi jamur kandidiasis oral infeksi jamur candida albicans rongga mulut infeksi jamur tubuh infeksi jamur aspergillosis endocarditis peradangan jaringan jantung meningitis parah candiduria infeksi jamur saluran kemih
24,ampicillin antibiotik mengobati infeksi bakteri infeksi saluran pernapasan demam tifoid paratifoid gonorrhoea pencegahan infeksi bakteri streptokokus melahirkan meningitis sepsis infeksi bakteri darah
25,anidulafungin obat mengatasi infeksi jamur candida jamur darah perut esofagus
26,apixaban obat menurunkan risiko stroke akibat penggumpalan darah penderita gangguan ritme jantung atrial fibrillation obat operasi penggantian panggul lutut mencegah penggumpalan darah deep vein thrombosisdvt paru-paru pulmonary embolismpe
27,arginine suplemen kesehatan mengobati nyeri dada gangguan ereksi impotensi pria peradangan saluran cerna bayi prematur toleransi nitrat efek terapi obat golongan nitrat berkurang penggunaan obat nitrat jangka nyeri kaki akibat aliran darah danbisa mempercepat pemyembuhan operasi pilihan obat menurunkan tekanan darah hamil pre-eklamsia
28,aripiprazole obat pasien gangguan mental gangguan perubahan mood dimana mood contohnya bipolar disorder schizophrenia tourette's disorder obat dikombinasi obat terapi depresi
29,bacitracin dijual pasaran memiliki jenis bentuk oles cairan injeksi menyesuaikan kebutuhan pasien mencegah infeksi kulit terluka tergores terbakar obat bentuk oles mengobati penyakit disebabkan bakteri staphylococcus pneumonia bacitracin bentuk cairan diinjeksi tubuh bacitracin ophthalmic berbentuk salep mengobati infeksi mata
30,baclofen mengobati kejang nyeri kaku otot disebabkan penyakit multiple sklerosis penyakit autoimun menyerang sistem saraf pusat otak saraf tulang saraf mata
31,bambuterol obat mengobati asma penyumbatan saluran napas reversibel menetap
32,benazepril obat mengatasi tekanan darah hipertensi menurunkan tekanan darah membantu mencegah stroke serangan jantung ginjal
33,benzoyl peroxide obat jerawat mengobati decubitus stasis ulser jaringan mati daerah kulit tekanan terus-menerus akibat duduk koma imobilitas
34,betametason mengobati kesehatan gejala alergi asma gangguan kalenjar adrenal darah kulit kemerahan bengkak-bengkak tubuh
35,biotin mencegah kekurangan biotin kekurangan biotin disebabkan kekurangan nutrisi penurunan berat badan cepat penggunaan tube-feeding jangka kondisi medis mencegah kekurangan biotin obat memelihara kesehatan rambut kuku
36,bisacodyl mengobati konstipasi mengosongkan usus operasi kolonoskopi x-rays prosedur medis berhubungan usus
37,boron kondisi kekurangan boron mengurangi nyeri haid membangun tulang kuat mengobati peradangan tulang suplemen tambahan membentuk otot meningkatkan kadar testosteron membantu meningkatkan kemampuan berpikir koordinasi otot
38,botulinum toxin botox mengobati penyakit strabismus mata juling blefarospasme berkedip disebabkan kondisi distonia distonia kontraksi otot sadar menyebabkan gerakan berulang memutar botox mengobati glabellar lines garis kerut keriput
39,kegunaan bromelain untuk:1 mengurangi pembengkakan hidung sinus operasi terluka2 mengobati hay fever alergi serbuk bunga3 mengobati kondisi usus meradang luka 4 membuang jaringan rusak mati pembersihan luka5 mencegah penumpukan air paru-paru6 melemaskan otot7 menstimulasi kontraksi otot8 meningkatkan absorpsi antibiotik9 mencegah kanker10 mempercepat proses kelahiran11 membantu tubuh membuang lemak
40,batuk berdahak salah obat dianjurkan dokter apoteker bromhexine obat mukolitik alias mengencerkan dahak
41,bromokriptin obat terapi penyakit-penyakit akibat ketidakseimbangan hormon prolaktin darah hiperprolaktinemia gejala hiperprolaktinemia perkembangan seksual sempurna orang dewasa wanita jarang haid kehilangan gairah seks wajah memerah subur produksi asi terduga menyebabkan asi merembes payudara pria gejalanya pembesaran payudara turunnya gairah seks rambut tubuh tumbuh kehilangan massa otot bromokriptin terapi tumor otak menyebabkan produksi prolaktin mengontrol gula darah pasien diabetes melitus tipe 2
42,brompheniramine obat mengatasi hidung berair bersin gatal mata berair akibat alergi pilek flu
43,budesonide obat mengobati penyakit usus crohn's disease radang usus kronis koalitis ulseratif radang kronis usus
44,bupivacaine obat anestesi disuntikkan tulang berguna pasien mati merasakan sakit operasi caesar prosedur medis bupivacaine anestesi operasi gigi
45,bupropion dikonsumsi mengobati gangguan depresi berat gangguan mood musiman obat membantu orang berhenti merokok mengurangi kecanduan ketergantungan kebiasaan buruk
46,busulfan obat terapi leukemia myeloid akut kanker darah sumsum tulang obat dikombinasikan obat siklofosfamid tubuh menerima transplantasi sel punca donor sumsum tulang
47,calcitriol obat mengobati hiperparatiroidisme kondisi kelenjar paratiroid mengeluarkan hormon paratiroid normal obat mengobati gangguan metabolisme tulang orang menderita gagal ginjal kronis menerima pengobatan dialisiscalcitriol mengobati kondisi kekurangan kalsium penderita hipoparatirioidisme kondisi kelenjar paratiroid mengeluarkan hormon paratiroid normal akibat operasi kondisi
48,calcium acetate obat penderita gagal ginjal mengontrol kadar fosfat darah baca juga: penderita gagal ginjal berpuasa jawabannya!
49,kalsium mineral dibutuhkan tubuh pertumbuhan pemeliharaan gigi tulang kalsium dibutuhkan saraf jantung sistem pembekuan darah berfungsi baikkalsium diperoleh makanan susu keju tempe bayam brokoli kacang-kacangan ikan sarden saat-saat tubuh asupan kalsium pertumbuhan kanak-kanak wanita hamil menyusui dibutuhkan suplemen kalsium memenuhi kebutuhan tubuh baca juga: kebutuhan kalsium hamil
50,candesartan obat mengobati tekanan darah orang dewasa anak-anak berusia minimal 1 obat orang dewasa menderita tipe penyakit jantung mengurangi komplikasi serius kematian akibat kerusakan jantung
51,captopril obat mengatasi tekanan darah gagal jantung kongestif kegagalan jantung memompa darah dibutuhkan tubuh gangguan ginjal akibat diabetes meningkatkan harapan kualitas hidup penderita serangan jantung
52,carbamazepine obat terapi kejang nyeri saraf trigeminal neuralgia nyeri wajah menyiksa diabetik nefropati komplikasi ginjal akibat diabetes
53,carbimazole obat mengobati hipertiroidisme kondisi dimana kadar hormon tiroksin tubuh
54,carvedilol obat mengobati gagal jantung hipertensi obat pengobatan pasca serangan jantung diakibatkan ketidakmampuan organ memompa darah
55,caspofungin mengatasi infeksi fungi jamur lambung paru-paru esofagus tubuh
56,cefadroxil mengobati infeksi disebabkan bakteri contohnya infeksi kulit infeksi saluran nafas infeksi saluran kemih
57,cefazolin antibiotik mengobati jenis infeksi disebabkan bakteri infeksi parah mengancam nyawa obat membantu mencegah infeksi pasien menjalani operasi
58,cefepime antibiotik mengobati infeksi disebabkan bakteri infeksi parah mengancam nyawa
59,cefidinir antibiotik mengatasi jenis infeksi disebabkan bakteri
60,cefixime antibiotik mengobati infeksi disebabkan bakteri infeksi parah mengancam nyawa
61,cefoperazone antibiotik mengobati infeksi akibat bakteri tubuh berbeda
62,cefotaxime antibiotik mengobati infeksi infeksi mengancam jiwa cefotaxime mencegah infeksi pasien menjalani operasi
63,ceftazidime antibiotik mengobati infeksi bakteri infeksi mengancam jiwa
64,ceftriaxone antibiotik mengobati infeksi akibat bakteri infeksi mengancam nyawa meningitis peradangan selaput otak obat mencegah infeksi pasien menjalani dioperasi
65,cefuroxime antibiotik mengobati jenis infeksi akibat bakteri infeksi mengancam jiwa
66,celecoxib obat mengobati nyeri peradangan disebabkan kondisi arthritis radang sendi spondilitis ankilosa peradangan tulang kronis nyeri menstruasi
67,cefalexin obat mengobati infeksi disebabkan bakteri contoh infeksi bakteri diobati cefalexin infeksi saluran napas infeksi telinga infeksi kulit infeksi saluran kencing
68,cetirizine obat mengatasi gatal-gatal pembengkakan disebabkan hives alergi kulit kemerahan gatal-gatal
69,chlordiazepoxide mengobati gangguan kecemasan obat terapi cemas jangka pendek operasi mengatasi kecemasan ketergantungan alkohol
70,chlorpheniramine obat mengatasi hidung berair bersin-bersin gatal-gatal mata berair gejala-gejala disebabkan alergi pilek flu
71,chlorpromazine obat mengatasi gangguan psikis schizofrenia depresi episode manik gangguan perilaku berat anak usia 1 12 obat mengobati mual muntah mengatasi kecemasan operasi mengatasi cegukan kronis mengatasi porfiria akut berjeda mengatasi gejala tetanus
72,cholestyramine obat menurunkan kadar kolesterol darah ldl kolestrol jahat
73,ciclosporin obat menekan reaksi sistem imun tubuh imunosupresan
74,cilostazol obat mengobati gejala klaudikasio nyeri kram tungkai akibat kurangnya aliran darah otot hilang timbul obat memperbaiki kemampuan berjalan disertai nyeri
75,cimetidine obat mengobati mencegah tipe tukak luka lambung mengobati kondisi menyebabkan lambung memproduksi asam lambung obat mengobati penyakit gerd refluks asam lambung asam lambung kerongkongan menyebabkan terbakar kerongkongan
76,cinnarizine mengontrol mual muntah perjalanan mengatasi vertigo pusing berputar tinnitus telinga berdenging perasaan enak badan
77,dabigatran mengatasi penggumpalan darah mengurangi risiko stroke penderita gangguan ritme jantung
78,desloratadine obat mengobati gejala alergi bersin-bersin mata berair hidung berair obat mengobati bentol-bentol gatal-gatal kulit memiliki reaksi alergi kulit kronis
79,desoximetasone mengobati peradangan gatal-gatal disebabkan kondisi kulit reaksi alergi eksim psoriasis peradangan kulit disebabkan autoimun
80,dexamethasone golongan steroid mengobati kondisi alergi kondisi kulit radang usus peradangan sendi lupus psoriasis gangguan kulit akibat autoimun gangguan pernapasan
81,dexchlorpheniramine obat mengatasi alergi
82,dexketoprofen obat menghilangkan nyeri ringan
83,dextromethorphan mengobati batuk mengobati batuk disebabkan rokok asma emfisema kantung udara paru-paru hancur bertahap
84,dextrose glukosa mengobati kadar gula darah rendah hipoglikemia pasien menderita diabetes melitus glukosa bentuk suntikan mengobati syok insulin kadar gula darah rendah diakibatkan insulin disertai makan efek obat disuntikkan cepat menyebarkan glukosa kadar darah glukosa memenuhi kalori karbohidrat pasien makan sakit trauma menderita kondisi medis glukosa terkadang pasien sakit akibat meminum alkohol glukosa mengobati hiperkalemia kadar kalium darah
85,z
86,diclofenac mengobati nyeri ringan gejala peradangan tulang peradangan sendi
87,diethylcarbamazine mengobati infeksi disebabkan cacing filariasis infeksi disebabkan cacing filaria loiasis infeksi disebabkan cacing mata loa loa toxocariasis infeksi disebabkan larva cacing gelang toxocara canis
88,digoxin mengobati gagal jantung obat mengobati denyut jantung teratur cepat menyebabkan aliran darah lancar fibrilasi atrial
89,diltiazem mengobati hipertensi angina nyeri dada gangguan ritme jantung
90,dimenhydrinate mengobati mencegah mual muntah kepala berputar disebabkan mabuk perjalanan
91,dimethicone mengobati pedikulosis infestasi kutu kepala pelindung kulit
92,diphenhydramin mengobati bersin-bersin hidung berair mata berair bentol-bentol kulit kemerahan gejala pilek alergi obat mengobati mabuk perjalanan merangsang tidur mengobati gejala penyakit parkinson
93,disulfiram mengatasi kecanduan alkohol kronis efek samping ditimbulkan nyaman disulfiram bersamaan alkohol
94,dobutamine pengobatan jangka pendek gagal jantung diakibatkan melemahnya otot jantung
95,dha suplemen bayi prematur membantu perkembangan mentalnya dha mengobati diabetes tipe 2 penyakit koroner arteri kerusakan penyakit pembuluh darah jantung demensia pikun mengatasi adhd gangguan pemusatan perhatian hiperaktivitas orang suplemen dha membantu memperbaiki penglihatan mencegah gangguan mata disebabkan usia mencegah mengobati depresi mengurangi perilaku agresif lingkungan penuh tekanan dha dikombinasikan eicosapentaenoic acid epa mengobati kondisi penyakit mencegah gangguan jantung menstabilkan ritme jantung asma kanker nyeri menstruasi alergi akibat perubahan cuaca gangguan paru-paru lupus gangguan ginjal epa dha dikombinasikan pasien kondisi kolestrol tekanan darah psoriasis peradangan sendi gangguan bipolar peradangan saluran pencernaan mencegah migrain remaja
96,domperidone mengatasi mual muntah gangguan pergerakan usus
97,donepezil mengobati demensia parah disebabkan penyakit alzheimer
98,dopamine mengobati kondisi pasien syok disebabkan serangan jantung trauma operasi gagal jantung gagal ginjal kondisi medis serius
99,doripenem obat mengatasi infeksi serius perut kandung kemih ginjal
100,doxycycline antibiotik mengobati jenis infeksi disebabkan bakteri infeksi jerawat infeksi saluran kemih infeksi usus infeksi mata gonorrhea chlamydia gangguan gusi
101,duloxetine mengobati gangguan depresi mayor orang dewasa obat mengobati gangguan kecemasan orang dewasa anak-anak berusia minimal 7 tahunduloxetine orang dewasa mengobati fibromyalgia gangguan nyeri kronis nyeri sendi otot kronis nyeri punggung nyeri akibat peradangan tulangduloxetine mengobati nyeri disebabkan kerusakan saraf pasien diabetes dewasa diabetes neuropati
102,tekanan darah hipertensi salah penyakit 'silent killer' pembunuh diam-diam pasalnya penyakit seringkali sulit terdeteksi kondisi diobati hipertensi berisiko menimbulkan komplikasi kesehatan mengancam jiwasalah obat disarankan mengobati tekanan darah enalapril enalapril penderita hipertensi dewasa anak-anak usia minimal 1 bulanselain mengobati tekanan darah enalapril mengobati gagal jantung kongestif kegagalan jantung memompa pasokan darah dibutuhkan tubuh mengatasi gangguan ventrikel jantung
103,otot kaku nyaman ya aktivitas mengatasi permasalahan otot kaku cobalah obat jenis eperisone gengs!
104,ephedrine obat sesak napas mengurangi pernapasan gejala nafas pendek-pendek dada sesak bersin-bersin disebabkan asma bronkial
105,alergi dipicu faktor sengatan gigitan serangga makanan obat-obatan jenis alergen kegiatan olahraga gejala-gejala alergi timbul bentol-bentol gatal-gatal parah sesak napas penderitanya tergangguuntuk mengobati gejala alergi timbul penderita obat epinephrine solusinyaselain mengobati alergi epinephrine mengobati glaukoma sudut terbuka hipertensi bola mata
106,bronkitis kronis kesehatan kondisi disebabkan peradangan saluran bronkial saluran pernapasan membawa udara paru-paru mengalami bronkitis kronis seringkali gejala batuk membandel disertai lendir tebal berwarnameski kebanyakan bronkitis kronis sembuh mencegah kondisi buruk mengurangi gejala timbul penderita mengonsumsi jenis obat erdosteine endorsteine obat mengatasi perburukan penyakit bronkitis kronis
107,geng sehat mengalami migrain ya! yup migrain kondisi nyeri kepala berbeda sakit kepala nyeri timbul migrain salah sisi kepala orang menyebut migrain sakit kepala sebelah nyeri kepala migrain sisi kepala menyerang lehernyeri kepala timbul migrain parah mengganggu aktvitas sehari-hari ya mengatasinya mengonsumsi jenis obat ergotamine obat mengurangi nyeri timbul migrain
108,erythromycin antibiotik mencegah mengobati infeksi disebabkan bakteri
109,escitalopram mengobati depresi kecemasan
110,esomeprazole mengobati penyakit gerd naiknya asam lambung kerongkongan kondisi memicu asam lambung sindrom zollinger-ellison sindrom ditandai kemunculan tumor gastrinoma pankreas usus halus usus belas jariesomeprazole membantu penyembuhan penyakit esofagitis erosif peradangan disertai luka permukaan esofagus esomeprazole mencegah luka lambung disebabkan bakteri helicobacter pylori akibat pemberian obat golongan nsaid
111,ayo mengalami insomnia alias susah tidur salah memiliki permasalahan coba deh mengonsumsi obat estazolam estazolam obat mengatasi gejala insomnia kesulitan tidur tidur nyenyak
112,wanita mengalami menopause menopause kondisi penurunan produksi hormon reproduksi tubuh kondisi dialami wanita memasuki usia 40-50an penurunan hormon reproduksi terkadang disertai gejala nyaman hot flashes panas hebat disertai keringat detak jantung cepat perubahan vagina mengurangi ketidaknyamanan wanita mengalami menopause mengonsumsi obat estradiol mengurangi gejala timbul menopause estradiol mencegah osteoporosis wanita menopause
113,estrogen mengatasi gejala menopause wanita vagina kering hot flashes panas disertai keringat detak jantung cepat estrogen mencegah keropos tulang osteoporosis wanita estrogen mengatasi tipe kanker pria wanita kanker prostat kanker payudara menyebar tubuh wanita memproduksi hormon esterogen contohnya hipogonadisme kegagalan ovarium primer hilangnya fungsi normal ovarium berusia 40
114,ethambutol mengobati tuberculosis tb obat bersamaan minimal obat tb
115,etodolac mengatasi nyeri ringan osteoarthritis rheumatoid arthritis
116,etoricoxib mengurangi nyeri pembengkakan inflamasi sendi otot orang menderita osteoarthritis pengapuran sendi rheumatoid arthritis peradangan kronis sendi akibat autoimun ankylosing spondylitis peradangan tulang gout peradangan sendi akibat asam urat berlebih
117,saluran pencernaan luka lambung kondisi dialami aktivitas terganggu famotadine salah obat mengobati luka lambungobat gangguan penyakit lambung kondisi lambung memproduksi asam lambing penyakit sindrom zollinger-ellison famotidine mengobati gerd reflusk asam lambung yaotu kondisi asam lambung kerongkongan menyebabkan gejala terbakar dada
118,felodipine mengatasi tekanan darah hipertensi
119,kadar kolesterol tubuh meningkatkan risiko timbulnya kesehatan stroke penyakit jantung koroner konsumsi obat fenofibrate menurunkan kadar kolesterol trigliserida asam lemak tubuh
120,menjalani operasi kali tubuh merasakan nyeri tertahankan mengatasinya dokter menyarankan penggunaan obat fentanyl meredakan gejala dialami
121,ferrous fumarate obat suplemen mengobati anemia kekurangan sel darah merah akibat kekurangan zat besi tubuh
122,orang dewasa anak-anak perubahan musim musuh pasalnya perubahan musim mengalami alergi kulit gatal muncul bentol-bentol akibat urtikaria kronis salah orang mengalami permasalahan kali perubahan musim fexofenadine obatnya
123,fibrinogen mengatasi perdarahan orang menderita kekurangan fibrinogen lahir
124,pria kebotakan mengganggu merusak penampilan menghadapi cobalah finasteride mengatasinya obat finasteride mengatasi kebotakan pria obat mengatasi gejala benign prostatic hyperplasia pembesaran prostat jinak kondisi kelenjar prostat mengalami pembengkakan bersifat kanker obat pasien pria
125,fluconazole mengobati infeksi jamur menyerang tubuh mulut tenggorokan kerongkongan paru-paru kandung kemih area genital darah fluconazole mencegah infeksi jamur pasien memiliki sistem imun lemah akibat terapi kanker transplatansi sumsum tulang penderita penyakit aids
126,migrain dikenal masyarakat pusing kepala sebelah kesehatan migrain menyebabkan mengalami nyeri parah salah sisi kepala migrain menyerang sisi kepala dirasakan leher nyeri kepala migrain mengganggu menjalani aktivitas mengatasi gejalanya jenis obat flunarizin obat mencegah gangguan pembuluh darah tepi pembuluh darah otak menimbulkan nyeri kepalaselain flunarizin mencegah vertigo gangguan sistem vestibular sistem bertanggung orientasi tubuh ruangan duduk berdiri tidur
127,fluoxetine mengatasi gangguan depresi mayor bulimia gangguan makan gangguan obsesif kompulsif kelainan psikologis memengaruhi pikiran perilaku penderitanya serangan panik gangguan disforik pramenstruasi pms berat
128,kondisi kesehatan mental kesehatan fisik orang-orang mengalami gangguan mental skizofrenia perawatan pengobatan salah jenis obat perawatan pengidap gangguan mental psikotik fluphenazine
129,fluvoxamine mengobati gangguan kecemasan sosial social phobia gangguan obsesif-kompulsif disertai pemikiran perilaku berulang
130,fondaparinux obat mencegah pembekuan darah deep vein thrombosis dvt gumpalan darah terbentuk vena tubuh dvt memicu pembekuan darah paru-paru emboli paru dvt menjalani operasi
131,formaldehyde mengobati kutil mengganggu kutil tergolong tumor jinak disebabkan virus kebanyakan penyebab kutil human papilloma virus hpv virus menginfeksi lapisan kulit pertumbuhannya cepat mengobati kutil formaldehyde mengatasi bau kaki keringat berlebih kaki
132,fosinopril mengatasi tekanan darah hipertensi gagal jantung
133,furosemide mengatasi retensi cairan bengkak pasien menderita gagal jantung kongestif gangguan lever gangguan ginjal sindrom nefrotik ginjal bocor furosemide mengobati hipertensi
134,obat gabapentin orang dewasa mengobati nyeri neuropatik nyeri akibat kerusakan jaringan saraf disebabkan virus herpes shingles herpes zoster obat mengobati kejang pasien dewasa anak-anak usia minimal 3 gabapentin mengobati sindrom kaki gelisah kondisi ditandai dorongan tertahankan menggerakkan kaki malam
135,obat galantamine mengobati demensia disebabkan penyakit alzheimer
136,kadar kolesterol trigliserida darah berbahaya kesehatan orang penderita pankreatitis peradangan pankreas menjaga kadar kolesterol trigliserida salah menjaga kadar kolesterol trigliserida tubuh mengonsumsi obat gemfibrozil mengonsumsi obat dibarengi menerapkan pola makan sehat kolesterol trigliserida penderita pankreatitis teratasi obat gembifrozil menurunkan risiko stroke serangan jantung komplikasi penyakit jantung pasien memiliki kolestrol trigliserida diobati metode pengobatan
137,virus infeksi disebabkan bakteri penanganan infeksi bakteri berbeda penanganan infeksi virus salah obat menangani infeksi bakteri berat serius gentacimin
138,diabetes tipe 2 salah penyakit kronis dialami orang-orang usia gaya hidup sehat meningkatkan risiko penyakit usia muda penyakit diabetes tipe 2 hormon insulin tubuh optimal mengontrol kadar gula darah kondisi disembuhkan diabetes tipe 2 dikelola menimbulkan komplikasi penyakit salah obat membantu kondisi glibenclamide
139,diabetes tipe 2 salah penyakit kronis disebabkan kondisi insulin tubuh optimal 90-95% pasien diabetes didiagnosis diabetes tipe 2 penyakit menyerang usia dewasa usia 40 risiko terserang diabetes tipe 2 meningkat pola hidup dijalani sehat diabetes tipe 2 disembuhkan penyakit dikelola pengobatan salah jenis obat glimepiride
140,diabetes melitus tipe 2 jenis diabetes kondisi ditandai kadar gula darah batas normal penyebab diabetes melitus tipe 2 kondisi insulin tubuh optimal faktor pemicu mengalami diabetes melitus tipe 2 gaya hidup sehat jarang berolahrga konsumsi makanan bergizi kelebihan berat badan penyakit diabetes melitus kondisi disembuhkan memperbaiki gaya hidup konsumsi jenis obat kadar gula darah dikontrol kadar gula darah terkontrol komplikasi penyakit jantung stroke dihindari salah jenis obat pengobatan diabetes melitus tipe 2 gliquidone
141,glucagon mengobati hipoglikemia kadar gula darah rendah glucagon pemeriksaan radiologi x-ray membantu mendiagnosis penyakit lambung usus baca juga: otak kekurangan gula akibat hipoglikemia dampaknya!
142,glucosamine suplemen membantu mengatasi nyeri sendi pembengkakan kekakuan disebabkan penyakit arthritis peradangan sendi
143,glycerol obat meredakan gejala batuk konstipasi glycerol bentuk sediaan topikal kulit melembutkan melembapkan kulit glycerol bentuk tetes mata menurunkan tekanan bola mata pasien menderita glaukoma
144,glycopyrronium bromide obat mengatasi tukak luka lambung
145,granisetron obat mencegah mual muntah disebabkan pengobatan kanker pengobatan kanker kemoterapi radiasi
146,griseofulvin mengobati dermatofitosis penyakit jamur golongan dermatofita jaringan mengandung zat tanduk kuku rambut stratum korneum epidermis
147,pilek akibat infeksi reaksi alergi kali tubuh nyaman pasalnya pilek dada sesak sulit bernapas mengatasi cobalah obat guafenesin mengurangi sumbatan dada timbul akibat pilek infeksi alergi baca juga: batuk pilek hamil
148,kondisi permasalahan psikologis schizofrenia kondisi disembuhkan penanganan pemberian obat gejala-gejala kondisi schizofrenia dikurangi salah obat terapi pengobatan schizofrenia haloperidol penderita schizofrenia haloperidol pasien sindrom tourette gangguan sistem saraf menyebabkan gerakan berulang suara pasien haloperidol mengontrol pergerakan kesulitan berbicara baca juga: diabaikan gejala skizofrenia!
149,heparin obat mencegah penggumpalan darah akibat penyakit prosedur medis operasi penyakit meningkatkan risiko penggumpalan darah dicegah gumpalan darah menyumbat pembuluh darah berdampak fatal menyumbat pembuluh darah arteri jantung menyebabkan serangan jantung menyumbat pembuluh darah otak menyebabkan stroke pasien menjalani operasi berisiko mengalami penggumpalan darah dibnerikan heparin jsebelum operasi mengurangi risiko penggumpalan darah baca juga: berhubungan seks nyeri pasca operasi cesar penyebabnya!
150,homochlorcyclizine dihydrochloride obat pasien mengalami kondisi alergi
151,hcg salah hormon tubuh berfungsi mengatur kondisi kesuburan hormon hcg tubuh terganggu pengganti memeperbaikinya salah satunya human chorionic gonadotropin hcg hcg terapi kesuburan memperbaiki kesuburan wanita meningkatkan sperma pria hcg anak laki-laki membantu testikel turun skrotum normal baca juga: kondisi hormon memicu 5 gangguan tidur berikut!
152,hctz obat mengatasi retensi cairan tertahan jaringan bengkak pasien menderita gagal jantung kongestif sirosis hati gangguan ginjal bengkak diakibatkan meminum obat steroid estrogen hctz pasien hipertensi baca juga: penyakit ginjal kronis kuras dana bpjs
153,hydrocortisone obat mengatasi kondisi alergi gangguan kulit kolitis ulseratif peradangan kronis usus kolon rektum artritis peradangan sendi lupus psoriasis peradangan kronis akibat penyakit autoimun gangguan pernapasan baca juga: kenali kendalikan alergi susu sapi anak
154,geng sehat kulit cerah memiliki tampilan kulit sehat cerah hydroquinone asalahsalah stu obat pencerah kulit penghilang noda hitam wajah melasma hydroquinone topikal kulit mencerahkan area kulit gelap bintik-bintik kulit age spot bintik bercak datar warna keabu-abuan kecoklatan kehitaman kulit melasma kerusakan kulit akibat matahari chloasma penggelapan kulit akibat perubahan hormon baca juga: penyebab melasma noda hitam wajah hamil
155,hyoscine mengurangi kram otot perut usus kandung kemih obat mengurangi gejala irritable bowel syndrome ibs penyakit pencernaan memengaruhi kerja usus baca juga: kram perut hamil berbahaya
156,terkesan sepele pencernaan mengganggu aktivitas ya lambung tertahankan dibantu diredakan obat salah satunya hyoscyamine obat mengobati gangguan usus lambung tukak luka lambung sindrom iritasi usus obat mengontrol kram otot kandung kemih ginjal saluran cerna mengurangi produksi asam lambungdalam pasien penderita penyakit parkinson hyocyamine mengurangi gemetar kaku otot
157,geng sehat mendengar ya obat ibuprofen ya obat ibuprofen obat mengurangi gejala demam mengobati nyeri inflamasi disebabkan kondisi sakit kepala sakit gigi nyeri punggung artritis peradangan sendi kram haid luka minor baca juga: berhubungan seks nyeri pasca operasi cesar penyebabnya!
158,iloprost obat mengobati penyakit pulmonary arterial hypertension hipertensi paru tekanan darah pembuluh darah arteri jantung paru-paru penyakit hipertensi paru hipertensi paru berbeda hipertensi hipertensi bersifat sistemik pembuluh darah tubuh hipertensi paru pembuluh darah mengalirkan darah jantung paru pembuluh darah jantung paru penyakit hipertensi berdampak fatal sulit disembuhkan baca juga: pneumonia mematikan cegah berikut!
159,imipramine obat mengatasi gangguan depresi mencegah anak-anak mengompol gejala
160,ditemukan obat-obatan antivirus poten infeksi hiv dikendalikan penderita hiv hidup normal virus terdeteksi berkat obat antiteroviral arv salah jenis obat menurunkan virus hiv penderita indinavir indinavir mengurangi penyebaran infeksi virus hiv sel-sel tubuh kekebalan imunitas tubuh sasaran virus dipertahankan fungsinya baca juga: stigma negatif sebabkan orang enggan lakukan tes hivaids
161,indomethacin obat mengobati nyeri penyakit-penyakit peradangan sendi osteoartritis radang sendi sendi lutut skala parah meredakan nyeri reumatoid artritis reumatoid artritis penyakit autoimun mengakibatkan peradangan persendian penyakit diobati inomethacin gout asam urat penyakit ditandai pembengkakan sendi akibat kadar asam urat berlebih tubuh ankylosing spondylitis radang sendi tulang punggung punggung nyeri kaku indometachin mengobati nyeri bahu disebabkan bursitis peradangan bursa kantong berisi cairan pelumas terletak sendi tendonitis peradangan tendon baca juga: nyeri sendi berlanjut pasca chikungunya penyebabnya
162,insulin salah jenis hormon alami tubuh diproduksi kelenjar pankreas hormon insulin bertugas memasukkan glukosa sel diubah energi disebarkan tubuh penderita diabetes diabetes tipe 1 tipe 2 fungsi kerja hormon insulin terganggu gula masuk sel insulin sel peka insulin kadar gula darah diabetes kadar gula darah berbahaya tubuh dibutuhkan obat-obatan membantu menurunkan kadar gula darah menjaga kadar gula normal insulin salah satunya insulin pengobatan satu-satunya diabetes tipe 1 pankreas meproduksi insulin dibutuhkan insulin pengganti penderita diabetes tipe 2 insulin kadar insulin rendah obat antidiabetes merangsang pankreas memproduksi insulin insulin wanita hamil menderita diabetes diabetes gestasional baca juga: resistensi insulin diabetes melitus tipe 2
163,ipratropium bromide obat mengatasi ppok penyakit paru obstruktif kronis copd asma rhinorhoea disertai rhinitis
164,irbesartan mengobati hipertensi tekanan darah irbesartan mengatasi gangguan ginjal disebabkan diabetes tipe 2 baca juga: manfaat puasa penderita hipertensi
165,isoniazid mengobati mencegah penyakit tuberkulosis tb isoniazid dikombinasikan obat tb mengobati tb aktif tuberkulosis kebal obat pengobatan tunggal tb baca juga: lakukan kuman penyebab tbc pergi!
166,isosorbid dinitrate mengobati mencegah nyeri dada angina gejala serangan jantung tablet isosorbide dinitrate sublingual mengobati seragan angina iisosorbide dinitrate tablet tablet lepas lambat mencegah serangan angina mengobati serangan angina baca juga: serangan jantung henti jantung beda
167,ayo ngaku suka sebel jerawat bermunculan nih! ya keberadaan jerawat orang kesal munculnya jerawat penampilan maksimalnah namanya jerawat khawatir gengs coba obat isotretinoin mengatasinya isotretinoin mengatasi jerawat parah mempan pengobatan jerawat antibiotik baca juga: ikuti 5 menghilangkan jerawat punggung yuk!
168,isoxsuorine hcl obat mengatasi gejala gangguan pembuluh darah daerah kepala aliran darah otak lancar arteriosclerosis penebalan pembuluh darah arteri kondisi menyebabkan aliran darah pembuluh vena arteri
169,tekanan darah hipertensi kondisi tekanan darah batas normal 14090 mmhg kondisi disebabkan gaya hidup buruk merokok pola makan buruk hipertensi ditangani menimbulkan komplikasi kesehatan serius penyakit jantung koroner stroke gagal ginjal penyakit diabetes hipertensi kondisi disembuhkan perbaikan pola hidup pengobatan tekanan darah terkontrol risiko komplikasi dikurangi salah jenis obat pengobatan pasien hipertensi darah isradipine baca juga: kebiasaan pencetus darah kerap diabaikan
170,itraconazole mengobati infeksi jamur menyerang tubuh paru-paru mulut tenggorokan kuku jari kaki kuku jari tangan baca juga: makan jamur penderita diabetes
171,ivermectin mengobati infeksi tubuh disebabkan parasit baca juga: kenali neonatorum sepsis infeksi bayi lahir
172,kanamycin jenis obat mengobati infeksi bakteri baca juga: hati-hati bakteri gusi merembet jantung!
173,diare kondisi menyebabkan buang air terus-menerus diare dialami orang dewasa anak-anak diare ditangani pertanda gangguan serius inflammatory bowel disease penyakit radang usus irritable bowel syndrome ibs sindrom iritasi usus dibutuhkan jenis obat kaolin mengatasi diare baca juga: anggap enteng diare!
174,ketamine obat pasien sadar operasi mencegah timbulnya sakit nyaman prosedur medis baca juga: waspada sakit hati: gejala jenis diagnosisnya
175,ketoconazole obat antijamur penggunaannya ketoconazole mengobati infeksi jamur jari kuku tangan kaki obat obat antijamur baca juga: makan jamur penderita diabetes
176,nyeri timbul akibat radang sendi menstruasi mengganggu aktivitas ya mengatasi kondisi mengonsumsi obat ketoprofen ketoprofen mengobati nyeri peradangan disebabkan arthritis peradangan sendi ketoprofen mengobati nyeri ringan nyeri menstruasi baca juga: nyeri sendi berlanjut pasca chikungunya penyebabnya
177,nyeri timbul operasi menimbulkan nyaman dibutuhkan obat ketrolac mengurangi nyeri timbul obat ketorolac meredakan nyeri berat baca juga: berhubungan seks nyeri pasca operasi cesar penyebabnya!
178,orang mengalami alergi pergantian musim kondisi istilah alergi musiman alergi musiman bersin-bersin kulit gatal mata bengkak salah jenis obat mengatasi kondisi alergi musiman ketotifen ketotifen mengobati alergi selaput mata baca juga: kenali kendalikan alergi susu sapi anak
179,kloramfenikol obat mengobati infeksi disebabkan bakteri
180,glutamine mengobati kekurangan glutamine glutamine suplemen gizi mengandung asam amino l-alanyl l-glutamine nutrisi tambahan membutuhkan tambahan glutamine akibat kecelakaan penyakitglutamine dikombinasikan human growth hormone mengobati short bowel syndrome kondisi nutrisi sempurna diserap tubuh malabsorpsi akibat penyakit usus parah operasi pengangkatan usus baca juga: 3 jenis suplemen dikonsumsi hamil
181,kondisi kulit halus terawat idaman orang faktor kulit kering gatal mengalaminya cobalah lactic acid asam laktat mengobatinya gengs! baca juga: menyentuh kulit bayi anak-anak
182,lactobacillus acidophilus obat mencegah infeksi ragi vagina mulut diare disebabkan penggunaan antibiotik infeksi saluran kemih
183,lactobacillus acidophilus produk mencegah infeksi jamur ragi vagina infeksi ragi mulut diare disebabkan penggunaan antibiotik infeksi saluran kencing
184,lactulose mengobati konstipasi kronis lactulose terkadang mengobati mencegah kondisi gangguan otak akibat gagal hati memicu timbulnya kebingungan gangguan berpikir perubahan perilaku gemetar terganggu gangguan tidur kehilangan koordinasi kehilangan kesadaran baca juga: hindari 7 makanan mengalami sembelit
185,kulit kering gatal menimbulkan nyaman merusak penampilan ya gengs kondisi alami cobalah lanolin mengobatinya lanolin obat mengatasi mencegah kulit kering gatal iritasi kulit disebabkan kondisi ruam popok kulit terbakar terapi radiasi lanolin mengobati puting lecet terkelupas akibat menyusui baca juga: kulit gatal tanda komplikasi diabetes
186,lansoprazole mengobati mencegah ulkus luka lambung usus erosif esofagitis kerusakan kerongkongan akibat asam lambung kondisi melibatkan asam lambung baca juga: hati-hati keluhan lambung sakit maag sumber:
187,levodopa mengobati penyakit parkinson penyakit saraf memengaruhi gerakan otot akibat kurangnya kadar dopamin tubuh gejala penyakit parkinson tubuh gemetar gerakan tubuh kaku baca juga: kenali gejala penyakit parkinson sumber:
188,levofloxacin mengobati infeksi bakteri kulit sinus ginjal kandung kemih prostat levofloxacin mengobati infeksi bakteri menyebabkan bronkitis radang paru-paru mengobati orang-orang terkena anthrax penyakit kulit akibat bakteri bacillus anthracis baca juga: hati-hati bakteri gusi merembet jantung! sumber:
189,kehamilan momen ditunggu pasangan faktor orang obat levonorgestrel mencegah kehamilan levonorgestrel obat mencegah kehamilan berhubungan seks kondom kegagalan usaha pencegahan kondom pecah melewatkan 2 pengonsumsian pil kb baca juga: 5 fakta anemia kehamilan sumber:
190,lidocaine obat anestesi lokal mengurangi sakit ketidaknyamanan akibat prosedur medis melukai jaringan operasi tusukan jarum penyisipan kateter tabung pernapasan lidocaine mengobati kelainan irama jantung lidocaine mengurangi sakit persalinan baca juga: benjolan tubuh sakit waspada! sumber:
191,lincomycin mengobati penyakit disebabkan infeksi bakteri lincomycin pasien memiliki alergi penisilin baca juga: virus senjata lawan bakteri kebal antibiotik sumber:
192,hipertensi tekanan darah kondisi tekanan darah batas normal 1090 mmhg kondisi tekanan darah dialami orang dewasa remaja anak-anak salah pemicu timbulnya kondisi gaya hidup sehat kebiasaan merokok pola makan buruk hipertensi kondisi disembuhkan perbaikan gaya hidup perawatan tekanan darah dikontrol risiko komplikasi dikurangi salah obat perawatan pasien hipertensi lisinopril lisinopril mengobati tekanan darah hipertensi orang dewasa anak-anak berusia minimal 6 lisinopril mengobati gagal jantung orang dewasa pengobatan mengalami serangan jantung baca juga: cegah stroke cek tekanan darah rutin rumah sumber:
193,lithium mengobati penyakit bipolar perubahan suasana hati drastis mania depresi gejala timbul hiperaktif bicara terburu-buru gangguan tidur agresif emosi stabil baca juga: deretan selebriti hollywood mengalami bipolar disorder! sumber:
194,diare kesehatan disepelakan kondisi diare ditangani mengalami dehidrasi kematian obat loperamide mengobati diare mengobati diare loperamide mengurangi feses ilestomy lubang perut operasi baca juga: manfaat zinc mengatasi diare anak sumber:
195,loratadine obat mengurangi gejala bersin-bersin hidung berair mata berair gatal-gatal ruam kulit gatal gejala pilek alergi loratadine mengobati gatal-gatal kulit gatal orang reaksi kulit kronis baca juga: anak kembar identik alergi sumber:
196,mengalami gangguan kecemasan mengganggu pasalnya orang-orang mengalami kondisi merasakan kecemasan intens parahnya kecemasan tejadi frekuensi heran kondisi mengganggu aktivitas mengatasi kondisi pengidap gangguan kecemasan disarankan mengonsumsi obat lorazepam mengobati gangguan kecemasan baca juga: khawatir cemas ya membedakannya! sumber:
197,hipertensi tekanan darah kesehatan hipertensi julukan 'silent killer' penyakit menyebabkan gejala jangka penyakit mengakibatkan komplikasi mengancam nyawa layaknya penyakit jantung obat losartan mengobati kondisi tekanan darah hipertensiselain losartan melindungi kondisi ginjal penderita diabetes tipe 2 baca juga: kebiasaan pencetus darah kerap diabaikan sumber:
198,lovastatin obat penurun kolesterol kadar kolesterol kolesterol jahat ldl meningkatkan risiko stroke serangan jantung komplikasi jantung orang memiliki risiko hiperkolesterolemia pasien diabetes pasien penyakit jantung koroner kegemukan memiliki riwayat hiperkolesterolemia keluarga baca juga: 5 jenis obat penurun kolesterol terbaik
199,lutein vitamin mata mencegah penyakit mata degenerasi makula penyakit mata menyebabkan kehilangan penglihatan katarak retinitis pigmentosa penurunan fungsi retina mempengaruhi penglihatan malam penglihatan tepi menyebabkan kebutaan baca juga: buta mel b 'spice girl' akui alami iritis parah sumber:
200,lysine pengobatan alternatif kulit melepuh mulut daerah mulut akibat penyakit herpes simpleks baca juga: jenis herpes sumber:
201,magnesium hidroksida obat pencahar laksatif mengobati konstipasi sulit buang air antasida menghilangkan gangguan pencernaan asam lambung mulas baca juga: manfaat zinc mengatasi diare anak sumber:
202,manitol meningkatkan produksi urine penderita gagal ginjal peningkatan produksi urine membantu ginjal istirahat meningkatkan kecepatan pembuangan racun tubuh baca juga: mengenal radang ginjal gejala penyebabnya sumber:
203,mebhydrolin meredakan gejala alergi gatal ruam kulit bersin-bersin bintik-bintik merah kulit hidung berair baca juga: kenali kendalikan alergi susu sapi anak sumber:
204,meloxicam mengobati sakit peradangan disebabkan rheumatoid arthritis peradangan sendi osteoarthritis pengapuran sendi orang dewasa meloxicam mengobati juvenile rheumatoid arthritis anak-anak berusia minimal 2 baca juga: nyeri sendi berlanjut pasca chikungunya penyebabnya sumber:
205,salah permasalahan usia demensia demensia kondisi mengalami penurunan kemampuan memahami memcahkan gejala timbul mengalami demensia sulit menurunnya kemampuan berpikir sulit memahami bahasa demensia dipulihkan pengobatan mengurangi gejala timbul demensia salah jenis obat mengatasi kondisi demensia akibat penyakit alzheimer memantine baca juga: demensia alzheimer kerap diabetes tipe 3 sumber:
206,meropenem mengobati infeksi berat kulit perut meropenem mengobati meningitis akibat bakteri infeksi otak saraf tulang baca juga: kenali neonatorum sepsis infeksi bayi lahir sumber:
207,metamfetamin mengobati gangguan hiperaktif adhd mengobati obesitas antiobesitas meningkatkan tekanan darah antihipotensi baca juga: adhd dialami orang dewasa sumber:
208,metampicillin mengobati infeksi bakteri rentan dialami manusia baca juga: hati-hati bakteri gusi merembet jantung! sumber:
209,diabetes tipe 2 jenis diabetes kondisi diabetes tipe 2 ditangani menimbulkan komplikasi kesehatan serius serangan jantung stroke kondisi disembuhkan perawatan pengobatan mengurangi risiko komplikasi diabetes salah jenis obat pasien diabetes tipe 2 metmorfin baca juga: pahami risiko terdiagnosis diabetes usia 40 tahun! sumber:
210,methadone menurunkan gejala orang memiliki kecanduan heroin obat-obatan narkotika efek high perasaan bahagia methadone rehabilitasi pecandu narkoba bacaj uga: pengguna narkotika flakka seram zombie! sumber:
211,methisoprinol mengobati infeksi mukokutan berkaitan selaput lendir kulit akibat infeksi virus herpes mengobati kutil kelamin baca juga: kutil kelamin berobat sumber:
212,metotrexate obat tambahan obat meredakan gejala methotrexate obat mengganggu pertumbuhan sel-sel tubuh sel-sel berkembang biak cepat sel kanker sumsum tulang kulit obat mengobati jenis keganasan kanker payudara kulit kepala leher paru-paru methotrexate mengobati psoriasis berat peradangan kulit rheumatoid arthritis peradangan sendi baca juga: 7 virus menyebabkan kanker sumber:
213,methylcobolamin mecobalamin salah bentuk kimia vitamin b12 memiliki fungsi vitamin b12 berperan pembentukan sel darah merah metabolisme sel tubuh saraf methycobolamin mengobati kerusakan saraf perifer saraf tepi menyebabkan keluhan lemah baal nyeri tangan kaki neuropati perifer baca juga: nutrisi multivitamin dibutuhkan hamil: micronutrient sumber:
214,methylprednisolone obat golongan steroid mengobati kondisi peradangan radang sendi lupus psoriasis peradangan kulit kolitis ulseratif peradangan usus rektum kelainan alergi gangguan kelenjar endokrin kondisi mempengaruhi kulit mata paru-paru perut sistem saraf sel darah baca juga: 5 mengobati gusi bengkak rumah sumber:
215,metil salisilat obat menghilangkan nyeri otot sendi obat cocok mengurangi nyeri disebabkan ketegangan keseleo radang sendi memar sakit punggung baca juga: penyebab kram otot kaki dialami ginting sumber:
216,metildopa obat mengobati hipertensi tekanan darah mengurangi zat kimia darah pembuluh darah arteri vena rileks jantung lambat mudah baca juga: manfaat puasa penderita hipertensi sumber:
217,metoclopramide mengobati kembalinya isi lambung kerongkongan refluks gastrofageal mengobati pengosongan lambung tertunda akibat pergerakan otot lambung lemah gastroparesis metoclopramide mengobati perut usus panas perut asam lambung maag kunjung sembuh metoclopramide maag muncul makan siang obat mencegah mual akibat kemoterapi radiasi pasien kanker baca juga: sakit maag mengandalkan obat warung sumber:
218,metoprolol mengobati angina nyeri dada akibat kurangnya darah oksigen jantung hipertensi tekanan darah obat mencegah mengobati serangan jantung nih gengs baca juga: penyebab jantung berdebar ketahui sumber:
219,metronidazole tergolong salah antibiotik obat mengobati infeksi bakteri vagina lambung hati kulit persendian otak saluran pernapasan antibiotik kombinasi obat antiulcer mengobati jenis penyakit lambung baca juga: cacar monyet penyakit-penyakit ditularkan hewan manusia! sumber:
220,miconazole mengobati infeksi akibat fungi jamur kulit baca juga: makan jamur penderita diabetes sumber:
221,midazolam pasien menjalani operasi perawatan gigi prosedur medis salah obat golongan benzodiazepine tubuh pikiran rileks menimbulkan kantuk sadarkan baca juga: berhubungan seks nyeri pasca operasi cesar penyebabnya! sumber:
222,minoxidil mengobati hipertensi menyebabkan kerusakan organ vital obat mengatasi rambut rontok baca juga: kebiasaan pencetus darah kerap diabaikan sumber:
223,misoprostol mencegah tukak lambung usus pengobatan aspirin nsaid baca juga: hati-hati keluhan lambung sakit maag sumber:
224,modafinil mengobati kantuk berlebih kantuk berlebih disebabkan gangguan tidur pernapasan terhenti tidur sleep apnea gangguan sistem saraf memengaruhi kendali aktivitas tidur narkolepsi mudah mengantuk siang kesulitan tidur malam aktif malam shift work sleep disorder baca juga: kasur empuk kesehatan tulang punggung pinggul sumber:
225,montelukast mengobati alergi bertahun-tahun orang dewasa anak-anak berusia 6 obat mengobati gejala alergi musiman orang dewasa anak-anak berusia minimal 2 montelukast mencegah penyempitan saluran napas paru-paru diakibatkan olahraga orang dewasa remaja berusia minimal 15 baca juga: 3 mengatasi alergi obat
226,morfin obat golongan narkotika opium obat mengurangi sakit berat tubuh morfin menyebabkan ketergantungan baca juga: pengguna narkotika flakka seram zombie! sumber:
227,moxifloxacin mengobati jenis infeksi bakteri jenis infeksi bakteri infeksi kulit sinus paru-paru perut
228,mupirocin antibiotik mengobati mencegah infeksi akibat bakteri infeksi virus disembuhkan antibiotik ya gengs! baca juga: waspadai 7 efek samping antibiotik ini! sumber:
229,naltrexone mencegah kambuhnya memiliki ketergantungan obat-obatan opioid berhenti menggunakannya naltrexone mengobati alkoholisme mengurangi minum alkohol
230,naproxen obat antiinflamasi antiradang organ sendi tulang muskuloskeletal obat mengobati inflamasi ditandai nyeri bengkak peradangan sendi artritis peradangan tulang ankylosing spondylitis peradangan tenson tendinitis peradangan bursa bursitis asam urat kram akibat menstruasi baca juga: serangan jantung 10 penyebab nyeri dada sebelah kanan sumber:
231,nateglinide obat diabetes mengontrol kadar gula darah dokter menganjurkan penderita diabetes menjaga pola makan berolahraga obat obat khusus mengobati diabetes tipe 2 baca juga: pahami risiko terdiagnosis diabetes usia 40 tahun!
232,natrium bikarbonat mengobati gangguan saluran pencernaan menimbulkan nyeri perut indigestion obat mengurangi nyaman nyeri dada disebabkan asam lambung kerongkongan heart burn baca juga: manfaat zinc mengatasi diare anak sumber:
233,nebivolol obat antihipertensi tekanan darah hipertensi mengurangi risiko stroke gagal jantung
234,nedocromil mencegah asma bronkospasma mengalami serangan asma bronkopspasma mengonsumsi obat
235,nefazodone mengobati depresi gangguan depresi mayor nefazodone membantu mengembalikan keseimbangan bahan kimia otak
236,neomycin antibiotik golongan aminoglikosida mengobati mencegah infeksi bakteri neomycin kerap menurunkan risiko infeksi usus operasi neomycin menurunkan gejala koma hepatikum kemunduran fungsi otak akibat zat-zat racun darah normal dibuang hati baca juga: kenali neonatorum sepsis infeksi bayi lahir sumber:
237,neostigmine mengobati penyakit myasthenia gravis myasthenia gravis penyakit autoimun kronis transmisi neuromuskular menghasilkan kelemahan otot menyerang otot tubuh otot terserang otot mengontrol gerakan mata kelopak mata mengunyah menelan batuk ekspresi wajah
238,nepafenac obat mata obat berfungsi menghilangkan sakit inflamasi pembengkakan dilakukannya operasi mata
239,nesiritide mengobati gagal jantung dekompensasi akut disertai gangguan pernapasan nesiritide meningkatkan fungsi pernapasan pasien gagal jantung
240,nicardipine mengobati hipertensi tekanan darah angina nyeri dada akibat kurangnya darah oksigen jantung sumber:
241,nicorandil mengobati nyeri dada akibat kurangnya darah oksigen jantung angina pektoris
242,nicotinamide niacinamide mencegah defisiensi niasin vitamin b3 baca juga: nutrisi multivitamin dibutuhkan hamil: micronutrient sumber:
243,memiliki tekanan darah asing obat nifedipine obat antihipertensi tekanan darah membantu menurunkan tekanan darah nifedipine nyeri dada akibat kurangnya darah oksigen jantung angina baca juga: kebiasaan pencetus darah kerap diabaikan sumber:
244,nifuroxazide golongan obat antibiotik antibiotik mengobati kolitis peradangan usus diare infeksi bakteri baca juga: waspadai 7 efek samping antibiotik ini! sumber:
245,nilotinib mengobati kanker darah leukemia jenis cml philadelphia chromosome positive chronic myeloid leukemia cml kanker jenis memengaruhi darah sumsum tulang sumsum tulang orang mengidap jenis kanker menghasilkan sel darah putih sel matang kondisi rusak sel darah putih abnormal merusak sel sehat normal
246,nimorazole mengobati infeksi akibat bakteri protozoa trichomoniasis trichomoniasis adalahsalah infeksi menular seksual akibat infeksi protozoa parasit trichomonas vaginalis nimorazole mengobati giardiasis infeksi usus disebabkan giardia lamblia ulcerative gingivitis peradangan gusi
247,nimustine mengobati malignant glioma sejenis tumor otak ganas
248,nisoldipine obat antihipertensi obta tekanan darah angina pektoris nyeri dada akibat kurangnya darah oksigen jantung
249,orang mengalami sulit tidur parah permasalahan tidur menimbulkan dampak kesehatan menimbulkan stres mengatasi kondisi obat nitrazepam mengobatinya
250,nitrofurantoin salah obat tergolong antibiotik obat mengobati infeksi saluran kemih baca juga: waspadai 7 efek samping antibiotik ini!
251,nitrogliserin dikenal glyceryl trinitrate mengobati angina nyeri dada akibat kurangnya asupan oksigen darah jantung mengobati gagal jantung nitrogliserin lapisan kulit lubang anus robek luka fisura anal baca juga: kelelahan penyebab langsung kematian mendadak
252,nizatidine mengobati tukak luka lambung usus obat mengobati nyeri dada erosif esofagitis kerusakan kerongkongan akibat gastroesophageal reflux disease gerd kondisi naiknya asam lambung kerongkongan
253,nordazepam mengobati insomnia gangguan kecemasan mengalami kesulitan tidur insomnia kerap kecemasan disarankan dokter obat
254,norepinephrine mengobati tekanan darah rendah hipotensi fatal prosedur medis operasi norepinephrine cpr resusitasi jantung paru
255,norethisterone obat mencegah kehamilan obat mengobati perdarahan menstruasi menorrhagia jaringan rahim rahim endometriosis sindrom pramenstruasi kanker payudara
256,batuk akhir-akhir gengs obat pilihan noscapine kondisi membutuhkan efek antitusif batuk efek berfungsi menekan batuk
257,nystatin mengobati infeksi jamur fungi nystatin mengatasi infeksi jamur candida rongga mulut tenggorokan usus vagina
258,pantoprazole obat mengobati peradangan kerongkongan asam lambung akibat gerd esofagitis korosif obat mengobati sindrom zollinger-ellison sindrom zollinger-ellison kondisi jarang tumor terbentuk pankreas usus duodenum
259,papaverine mengobati kondisi menyebabkan spasme kejang otot polos nyeri dada sirkulasi serangan jantung gangguan perut kantong empedu
260,parasetamol mengobati kondisi sakit kepala nyeri otot radang sendi sakit punggung sakit gigi pilek demam parasetamol mengurangi sakit radang sendi ringan berpengaruh peradangan pembengkakan sendi berat
261,menjalani prosedur operasi obat dokter parecoxib obat mengurangi menghilangkan nyeri operasi
262,paromomycin mengobati infeksi usus obat mengobati gangguan hati
263,pefloxacin antibiotik golongan quinolone obat mengatasi infeksi bakteri
264,salah memiliki tekanan darah gengs iya diresepkan obat dokter penbutolol obat mengobati tekanan darah hipertensi nih
265,penciclovir mengobati kulit melepuh bibir daerah mulut akibat penyakit herpes simpleks obat orang dewasa anak-anak berusia 12
266,perindopril mengobati tekanan darah hipertensi obat mencegah serangan jantung akibat penyakit arteri koroner
267,permethrin mengobati infeksi kulit kepala kutu kudis disebabkan tungau menempel kulit kutu hidup kulit kepala
268,phenobarbital mengobati mencegah kejang obat jangka pendek obat penenang membantu tubuh rileks
269,phenylbutazone obat peresa nyeri painkiller obat mengurangi nyeri peradangan disebabkan penyakit ankylosing spondylitis penyakit kronis menyebabkan tulang mengalami peradanganselain phenylbutazone mengobati nyeri gangguan rematik rematik pegal linu ya gengs! rematik penyakit autoimun menyerang persendian ditandai sendi meradang nyeri kaku jangka menyebabkan deformitas kecacatan bentuk sendi asam urat gout ditandai pembengkakan sendi akibat kadar asam urat berlebih tubuh diobati phenylbutazone nyerinya bersifat akut
270,phenylephrine mengobati hidung tersumbat sinus obat penderita wasir miadriasis pelebaran pupil mata
271,phenylpropanolamine mengobati hidung tersumbat
272,phenytoin obat mengontrol mengendalikan kejang
273,pilocarpine mengobati kondisi tekanan bola mata dikenal glaukoma obat mengobati sindrom sjgren sindrom penyakit disebabkan peradangan kelenjar air mata air liur zat arthritis paru-paru ginjal pembuluh darah saraf otot terkena
274,penderita diabetes mengidap diabetes tipe 2 obat dokter pioglitazone obat mengendalikan gula darah penderita diabetes tipe 2 diabetes tipe 1
275,piracetam obat meningkatkan kinerja kognitif gangguan serebrokortikal obat mengobati mioklonus kortikal gerakan otot disadari
276,piroxicam obat mengobati nyeri pembengkakan penyakit rheumatoid arthritis peradangan sendi obat terapi osteosarcoma kanker tulang lho gengs
277,policresulen obat terapi servisitis radang serviks leher rahim vaginitis peradangan vagina obat menghentikan pendarahan hemostasis biopsi pengangkatan polip serviks
278,kalium salah mineral dibutuhkan menjaga keseimbangan cairan tubuh mengendalikan tekanan darah kekurangan kalium kondisi hipokalemia menyebabkan mengalami gejala ringan serius kram otot kesemutan palpitasi jantung detak jantung normal kondisi kekurangan kalium ditangani salah penanganan pemberian obat potassium acetate potassium acetate jenis obat mengobati mencegah kadar kalium rendah darah baca juga: multivitamin mineral bermanfaat janin
279,povidone iodine obat mengobati infeksi mulut tenggorokan vagina obat obat kumur
280,pramipexole obat mengobati gejala penyakit parkinson kekakuan otot gemetaran keram otot pengedalian otot buruk obat mengobati restless legs syndrome kondisi neurologis menyebabkan orang memiliki terkontrol menggerakkan kaki diakibatikan nyaman kaki baca juga: tremor penyakit parkinson
281,praziquantel obat mengobati infeksi akibat cacing schistosoma cacing masuk tubuh kulit berkontak langung air terkontaminasi
282,prednisolone mengobati kondisi inflamasi radang bengkak arthritis peradangan sendi lupus psoriasis peradangan kulit ulceratif kolitis radang usus alergi gangguan kelenjar endocrine kondisi menyerang kulit mata paru-paru perut sisem saraf sel darah
283,prednisone obat antiradang pengobatan imunosupresan obat terapi kondisi alergi ulseratif kolitis radang usus arthritis radang sendi lupus psoriasis radang kulit gangguan pernapasan
284,pregabalin obat mengontrol kejang mengobati fibromyalgia nyeri otot tulang pregabalin mengobati sakit disebabkan kerusakan saraf penderita diabetes neuropati diabetik herpes zoster cacar api cedera medulla spinalis
285,probenecid obat mengobati asam urat nyeri sendi akibat kadar asam urat tubuh
286,procainamide mengobati aritmia detak jantung normal
287,prochlorperazine obat mengobati gangguan kejiwaan psikotik skizofrenia obat terapi kecemasan mengontrol mual muntah berat
288,quinidine obat menjaga detak jantung normal memiliki kelainan ritme jantung
289,malaria salah kesehatan indonesia penyakit disebarkan nyamuk anopheles sp betina malaria diobati menyebabkan komplikasi kesehatan kematian mengobati malaria salah jenis obatnya quinine quinine mengobati malaria jenis penyakit malaria disertai komplikasi quinine mengobati malaria parah mencegah malaria baca juga: 7 fakta pengobatan malaria indonesia
290,didiagnosis kanker prostat dokter diresepkan obat radium obat mengatasi kanker prostat menyebar tulang
291,ramipril obat antihipertensi mengatasi tekanan darah hipertensi gagal jantung obat mengalami serangan jantung gengs
292,ranitidin obat mengobati mencegah luka lambung usus obat lambung memproduksi asam sindrom zollinger-ellison ranitidin mengatasi gerd kondisi dimana asam lambung esofagus
293,ranolazine obat mengatasi angina kronis nyeri dada salah gejala serangan jantung obat serangan angina angina akut
294,persetujuan darurat regdanvimab pengobatan corona virus disease 2019 covid-19 terkonfirmasi pasien dewasa terapi oksigen berisiko mengalami covid-19 berat faktor risiko terbatas pada: usia obesitas penyakit kardiovaskular hipertensi penyakit paru kronis asma diabetes mellitus tipe 1 tipe 2 penyakit ginjal kronis menjalani dialisis penyakit hati kronis imunosupresi berdasarkan penilaian dokter
295,riboflavin mengobati mencegah kekurangan vitamin b2
296,rifabutin mencegah infeksi bakteri mycobacterium avium complex pasien hiv rifabutin mengobati tuberkulosis pasien hiv
297,rifampicin mengobati pasien tuberkulosis leprosi penyakit legionnaires infeksi serius staphylococcal brucellosis
298,risperidone mengobati schizophrenia dewasa anak-anak usia minimal 13 risperidone mengatasi gejala bipolar dewasa anak berusia minimal 10 risperidone mengatasi gejala autisme anak usia 5-16
299,rivastigmine obat mengatasi demensia gangguan berpikir hilang ingatan disebabkan alzheimer parkinson
300,ropinirole mengobati gejala penyakit parkinson kram tremor kejang otot kontrol otot lemah ropinirole mengatasi penyakit willis-ekbom kondisi neurologis kaki terkontrol bergerak
301,rosuvastatin dewasa anak minimal 8 menurunkan kolesterol trigliserida salah tipe lemak darah menurunkan lemak menempel pembuluh darah rosuvastatin menurunkan risiko stroke serangan jantung komplikasi jantung diabetes penyakit jantung koroner faktor risiko
302,saccharomyces boulardii iyo mikroorganisme berbentuk khamir beguna efektif mencegah diare antibiotik saccharomyces boulardii iyo mengobati diare bayi anak-anak efektif menurunkan frekuensi diare akibat clostridium difficile diare pasien hiv luka perut akibat bakteri helicobacter pylori
303,salbutamol mengobati asma memperbaiki aliran pernapasan bronkitis kronis emfisema
304,salmeterol mencegah serangan asma bronkospasme akibat berolahraga salmeterol mengobati penyakit copd emfisema bronkitis kronis
305,satranidazole abses nanah liver akibat infeksi amuba penyakit giardiasis trichomoniasis
306,scopolamine mencegah mual muntah akibat mabuk perjalanan penggunaan anestesi operasi
307,sea water nasalin obat membersihkan saluran pernapasan melembapkan permukaan hidung kering perawatan tambahan infeksi tht telinga hidung tenggorokan
308,secukinumab mengatasi plaque psoriasis penyakit autoimun menyerang kulit menimbulkan peradangan kronis ditandai bercak merah tebal bersisik keperakan tingkat berat
309,selegiline obat mengatasi gangguan pergerakan akibat penyakit parkinson obat mengobati penyakit parkinson meredakan gejalanya tremor kekakuan otot hilangnya pergerakan normal selegiline meningkatkan kemampuan pasien mudah bergerak baca juga: kenali gejala penyakit parkinson
310,sertraline mengobati gangguan mental depresi gangguan obsesif kompulsif kepanikan gangguan kecemasan stres kejadian traumatik gangguan premenstruasi disforia
311,sildenafil mengobati disfungsi ereksi impotensi lelaki kondisi pria ereksi mempertahankan ereksi hubungan seksual pasangan memuaskan
312,simethicone mengatasi sakit nyaman akibat gas perut usus simethicone bayi anak dewasa
313,simvastatin menurunkan kolesterol trigliserida darah simvastatin menurunkan risiko stroke serangan jantung komplikasi jantung pasien diabetes penyakit jantung koroner
314,spiramycin infeksi protozoa toxoplasmosis cryptosporidiosis diare akibat protozoa cryptosopridium pasien rentan infeksi
315,spironolactone mengobati penyakit jantung tekanan darah penurunan kalium darah hipokalemia spironolacton mengurangi retensi cairan penumpukan cairan pasien gagal jantung kongestif sirosis hati gangguan ginjal pasien hormon aldosterone melebihi normal diobati spironolactone
316,squalene suplemen terbuat minyak hati ikan hiu minyak zaitun obat dikonsumsi penderita kanker mengandung senyawa anti-kanker obat terbukti menyehatkan menurunkan kadar kolesterol lemak buruk 'ldl' trigliserida squalene dikombinasikan produk perawatan kulit bentuk pelembap mengandung antioksidan baca juga: mencerahkan kulit minyak zaitun
317,streptokinase obat melarutkan gumpalan darah pembuluh darah obat enzim langsung pasien mengalami gejala serangan jantung meningkatkan keselamatannya streptokinase mengobati penggumpalan darah paru-paru pulmonari embolisme kaki trombosis vena kondisi obat melarutkan gumpalan darah saluran kateter dimasukkan pembuluh darah obat obat berat memperolehnya resep dokter baca juga: obat pengencer darah solusi penyumbatan pembuluh darah
318,streptomycin antibiotik bentuk suntikan mengobati infeksi bakteri parah tubuh obat kelas obat antibiotik aminoglikosid kerja obat membunuh bakteri mencegah pertumbuhannya streptomycin mengobati infeksi virus demam flu suntikan streptomycin mengobati tuberkulosis obat pilihan dokter mengobati infeksi bakteri serius mempan diobati obat streptomycin dasar izin dokter disuntikkan tenaga medis resmi dokter baca juga: 5 fakta menarik antibiotik
319,strontium logam berwarna silver alami ditemukan elemen non-radioaktif 99% strontium ditemukan tubuh manusia tulang bentuk berbeda strontium obat strontium ranelate mengobati osteoporosis artritis radioactive strontium-89 mengobati kanker prostat kanker tulang stadium radioactive strontium-89 pengobatan bentuk intravena strontium klorida hexahidrat dijadikan bahan campuran pasta gigi meredakan nyeri akibat gigi sensitif strontium klorida bentuk strontium ditemukan suplemen diet
320,sukralfat obat mengobati mencegah ulkus duodenum luka terbuka lapisan lambung usus halus kondisi ditentukan dokter obat mencegah kekambuhan lukanya kerjanya sukralfat membentuk lapisan lukanya tujuannya melindungi lukanya asam perut enzim garam empedu sembuh cepat obat mengandung garam aluminum dibeli resep dokter baca juga: mencegah lambung
321,sulfadiazine antibiotik mengobati jenis infeksi disebabkan bakteri infeksi diobati obat saluran kemih infeksi telinga meningitis malaria toxolasmosis baca juga: 5 fakta menarik antibiotik
322,sulfamethoxazole antibiotik mengobati infeksi bakteri obat bersamaan trimethoprim menangani infeksi telinga otitis media infeksi saluran kemih bronkitis traveler's diarrhea diare turis negara berkembang shigellosis pneumonia baca juga: 6 fakta infeksi saluran kemih wanita
323,sulfanilamide obat mengatasi infeksi jamur vagina jamur menginfeksi jamur candida ditandai gejala perih gatal keputiuhan vagina baca juga: kenali 4 penyebab utama infeksi vagina!
324,sulfasalazine obat mengatasi penyakit ulseratif kolitis radang usus rheumatoid arthritis radang sendi anak orang dewasa obat orang pengobatan berhasil baca juga: waspada radang sendi menghambat aktivitas sehari-hari!
325,sumatriptan obat mengatasi migrain sakit kepala sebelah sakit kepala cluster obat mengatasi sakit kepala mencegah kekambuhan sumatripan mengatasi sakit kepala tensi
326,tadalafil mengobati disfungsi ereksi disfungsi ereksi kondisi penis mengeras memanjang mempertahankan kekerasan ereksi penetrasi pria terangsang terstimulasi seksual respons normal tubuh meningkatkan aliran darah penis penis menegang enzim dikontrol tadalafil ereksi dipertahankan stimulasi fisik penis tadalafil menciptakan ereksi tadalafil mengobati pria mengalami pembesaran prostat jinak bph pria mengalami pembesaran prostat sulit buang air kali terbangun malam buang air kondisi tadalafil meredakan gejalanya mencegah kondisinya bertambah parah obat pria wanita mengobati hipertensi pulmonari arterial kondisi tekanan darah arteri utama arteri membawa darah kanan jantung paru-paru kondisi memengaruhi aliran darah kanan jantung keras memompa darah paru-paru kondisi tadalafil memanfaatkan enzim pde5 paru-paru merelaksasi pembuluh darah
327,tafluprost obat tekanan mata akibat glaukoma jenis penyakit mata hipertensi okular menurunkan tekanan mata membantu mencegah kebutaan
328,tamoxifen obat mengobati jenis kanker payudara menyebar organ kanker payudara metastatik obat pasien kanker payudara selesai menjalani operasi terapi radiasi tamoxifen menurunkan risiko kanker payudara orang-orang memiliki risiko baca juga: yuk kenali tanda-tanda kanker payudara!
329,tamsulosin obat mengobati pria mengalami pembesaran kelenjar prostat pembesaran prostat jinak pembesaran prostat jinak menyerang pria memasuki usia kelenjar prostat terletak kandung kemih kelenjar mengalami pembesaran otot kelenjar tertarik mengganggu sistemnya kondisi menyebabkan penderita buang air urine sensasi buang air sempurna
330,telmisartan obat mengatasi tekanan darah hipertensi dikombinasikan obat antihipertensi obat menurunkan risiko stroke serangan jantung kematian pasien gangguan jantung
331,temazepam obat mengobati insomnia sulit tidur obat jangka pendek sekita 7-10
332,tembaga jenis mineral ditemukan daging makanan laut kacang biji-bijian gandum produk kokoa tubuh manusia mineral terkumpul tulang otot tembaga obat mengatasi kekurangan tembaga anemia osteoarthritis sendi sakit kaku bengkak
333,tenofovir obat mengobati hiv virus menyebabkan aids penurunan sistem imun tenofovir menyembuhkan hivaids obat mengatasi hepatitis b kronis
334,teofilin obat mengobati penyakit pernapasan asma ppok bronkitis emfisema obat rutin mencegah kesulitan sesak napas
335,terazosin obat pasien hipertensi obat mempermudah pengeluaran urine pria menderita benign prostatic hyperplasia pembesaran prostat
336,terbinafine obat mengobati infeksi kulit athlete's foot kurap kaki infeksi jamur permukaan kaki jock itch infeksi jamur kulit paha kelamin bokong ringworm infeksi jamur kulit
337,terbutalin obat mengobati mencegah bronkospasme bronkospasme kondisi sesak napas kesulitan bernapas penderita asma bronkitis emfisema kondisi kantong udara paru-paru hancur secraa bertahap menyebabkan napas pendek
338,testosterone hormon memiliki peran tubuh wanita pria bentuk obat testosterone orang memiliki kekurangan hormon testoteron mengobati kanker payudara wanita menyebar tubuh
339,tetracycline mengatasi infeksi bakteri kulit usus saluran pernapasan saluran perkemihan alat kelamin kelenjar limpa sistem tubuh tetracycline mengobati jerawat berat penyakit seksual sifilis raja singa klamidia gonore kencing nanah tetrasiklin mengobati infeksi akibat kontak langsung hewan makanan terkontaminasi
340,thalidomide obat dexamethasone mengatasi kanker sum-sum tulang multiple myeloma obat mengatasi mencegah lesi kulit kerusakanabnormal kulit akibat leprosi penyaki hansen
341,thiamphenicol obat mengobati infeksi bakteri obat mengatasi gonore
342,tiabendazole obat mengatasi infeksi akibat cacing parasit contoh penyakit disebabkan cacing parasit strongyloidiasis dracunculiasis ascariasis trichostrongyliasis trichuriasis trichinosis toxocariasis
343,ticlopidine obat mencegah stroke konsumsi aspirin berhasil obat mencegah penggumpalan darah mengalami serangan jantung stroke
344,timolol obat mengobati hipertensi tekanan darah obat menurunkan risiko kematian serangan jantung timolol mencegah sakit kepala sebelah migrain
345,tizanidine obat mengatasi kekejangan otot otot kaku akibat penyakit multiple sclerosis cedera tulang
346,tobramycin obat mengatasi infeksi bakteri kulit jantung perut otak sumsum tulang paru-paru saluran kemih obat mengatasi fibrosis kistik
347,tramadol obat mengatasi nyeri tingkat berat
348,tretinoin obat mengatasi jerawat melembutkan kulit kasar mengurangi bercak cokelat kulit obat menurunkan keparahan jerawat mempercepat proses pemulihan kulitnya
349,triamcinolone obat mengatasi alergi kolitis ulseratif radang usus arthritis peradangan sendi lupus psoriasis gangguan pernapasan
350,triclosan obat mengatasi jerawat desinfektan tangan luka kulit pembersih mulut obat terkandung larutan sabun krim
351,trihexyphenidyl obat mengobati tremor kram kekakuan kelemahan otot penyakit parkinson obat mengobati mencegah gejala penyakit otot akibat penggunaan klorpromazin flufenazin ferfenazin haloperidol thiothixine
352,trimethoprim obat mengatasi infeksi ginjal organ kemih infeksi telinga bakteri
353,triprolidine obat mengatasi bersin hidung berair mata berair kulit ruam gatal gejala pilek gejala alergi
354,tripsin enzim mengubah protein bentuk diserap usus obat kekurangan enzim pencernaan tripsin dikombinasikan bromelain rutin mengobati osteoarthritis obat membantu mengobati luka kulit
355,bacillus calmette and gurin bcg vaksin mencegah tuberkulosis vaksin bayi lahir anak orang dewasa anak berusia 6 direkomendasikan skin test menerima vaksin bcg tes reaksi alergi tuberkuloprotein
356,valacyclovir obat mengobati infeksi disebabkan jenis virus anak obat mengatasi kelecetan mulut disebabkan herpes simpleks cacar air anak usia diatas 2 orang dewasa valacyclovir mengobati penyakit ruam saraf herpes mulut obat mengobati herpes genital
357,valsartan obat tekanan darah antihipertensi dewasa anak berusia 6 konsumsi obat dikombinasikan obat valsartan mengatasi gagal jantung menurunkan risiko kematian mengalami serangan jantung
358,vancomycin antibiotik mengobati infeksi usus akibat bakteri clostridium difficile bakteri menyebabkan diare berair berdarah obat efektif infeksi disebabkan bakteri staphylococcus bakteri menghasilkan racun menyebabkan peradangan kolon usus halus
359,vasopressin obat mencegah hilangnya cairan tubuh mengurangi pengeluaran urine obat membantu kerja ginjal menyerap ulang reabsorbsi cairan tubuh vasopressin meningkatakan tekanan darah mempersempit pembuluh darah mengatasi diabetes insipidus
360,verapamil obat mengatasi hipertensi tekanan darah angina nyeri dada gangguan detak jantung menurunkan tekanan darah mencegah stroke serangan jantung ginjal
361,vildagliptin obat antidiabetik tunggal dikombinasikan obat mengonati diabetes tipe 2 orang dewasa memperoleh efek maksimal konsumsi obat penderita diabetes tipe 2 direkomendasikan mengikuti diet ketat olahraga rutin vildagliptin direkomendasikan penderita diabetes tipe 1 ketoasidosis diabetik
362,vincristine obat mengobati leukemia penyakit limfoma hodgkin limfoma non hodgkin rhabdomiosarkoma tumor jaringan lunak neuroblastoma kanker jaringan syaraf tumor wilm obat dikombinasikan obat kanker meningkatkan tingkat kesembuhan
363,vitamin a kesehatan mata sistem imun pertumbuhan sel vitamin a terbagi bersumber hewani retinoid bersumber nabati beta karoten retinoid bentuk oral topikal mengobati jerawat kondisi kulit bercak hitam vitamin a oral mengatasi campak mata kering tipe leukemia
364,vitamin b1 tiamin mengatasi mencegah kekurangan vitamin b1 vitamin b1 bentuk injeksi mengatasi beriberi radang saraf neuritis vitamin mengatasi pencernaan kehilangan nafsu makan diare ulcer colitis gangguan otak sindrom wernicke-korsakoff
365,vitamin b12 sianokobalamin vitamin orang memiliki kekurangan vitamin b12 obat mengobati pernicious anemia penurunan sel darah merah tubuh menyerap vitamin b12 saluran pencernaan
366,vitamin b2 riboflavin mengatasi mencegah kondisi rendah riboflavin vitamin b2 orang-orang asupan vitamin diet sehari-hari kebanyakan orang mengikuti pola makan normal membutuhkan asupan vitamin b2 tambahan kondisi menyebabkan kadar vitamin b2 rendah kondisi-kondisi gangguan perut pencernaan infeksi berkepanjangan penyakit lever kecanduan alkohol kanker
367,vitamin b3 niacin mencegah mengobati kondisi kekurangan niacin alami tubuh menurunkan kolesterol trigliserida darah niacin menurunkan risiko serangan jantung orang kadar kolesterol mengalami serangan jantung terkadang niacin terapi pasien penyumbatan arteri koroner jantung
368,vitamin b5 asam pantotenat pasien kekurangan vitamin vitamin ditemukan tumbuhan binatang sereal gandum telur susu
369,vitamin b6 dikenal piridoksin mengatasi mencegah kekurangan defisiensi vitamin b6 sideroblastik anemia piridoksin bentuk injeksi bayi mengatasi kekejangan
370,vitamin b9 dikonsumsi mengatasi kondisi kekurangan asam folat jenis anemia vitamin penderita penyakit ginjal
371,vitamin c asam askorbat mengatasi mencegah kekurangan defisiensi vitamin c mengobati seriawan pilek infeksi kulit
372,vitamin d mengobati mencegah penyakit rickets gangguan tulang pertumbuhan kalsium gagal tersimpan tulang kelemahan tulang nyeri tulang tulang keropos pasien menderita hiperparatiroidisme pembesaran hormon paratiroid akibat produksi hormon berlebih kadar kalsium darah meningkat penyakit genetik tulang getas mudah retak vitamin mencegah tulang patah pasien menderita osteoporosis tulang keropos vitamin d suplemen mengatasi kondisi penyakit jantung pembuluh darah tekanan darah kolestrol vitamin pasien diabetes obesitas kelemahan otot multiple sclerosis penyakit progresif muncul akibat sistem kekebalan tubuh keliru menyerang selaput pelindung saraf mielin otak saraf tulang peradangan sendi asma peradangan bronkus paru pms penyakit gigi gusi
373,vitamin e vitamin larut lemak berperan antioksidan vitamin mengatasi mencegah kekurangan defisiensi vitamin e membantu memperlambat proses kerusakan sel
374,vitamin k beragam pengobatan vitamin memiliki bentuk k1 phytonadine vitamin k2 menaquinone vitamin k1 aman cepat kuat kondisi vitamin k berguna proses pembekuan darah mencegah kekurangan defisiensi vitamin k mengobati osteoporosis melemahnya tulang
375,warfarin obat mengatasi mencegah penggumpalan darah pembuluh darah vena arteri obat menurunkan risiko stroke serangan jantung kondisi serius akibat penyumbatan bekuan darah arteri
376,white petrolatum menutup luka pelembablubrikan mata
377,zink sulfat obat mengatasi mencegah kekurangan zinc tubuh membutuhkan zinc mendukung kesehatan zinc sulfat bentuk diminum pasien menerima jalur intravena
378,zolpidem obat mengatasi insomnia tablet zolpidem langsung dilepaskan membantu tidur tablet zolpidem lepas lambat cepat tidur menjaga kualitasnya jenis zolpidem membantu tidur terbangun malam dokter menentuka jenis zolpidem kondisi
