,ID,Name,Address,Rating,Review
0,1,Rachel Manullang,"Gg. Yos Sudarso No. 748
Banjarmasin, Sulawesi Selatan 98231",B,Doloremque maxime pariatur quasi doloribus. Asperiores a temporibus dicta sed.
1,2,Hilda Kurniawan,"Jalan Tebet Barat Dalam No. 046
Surabaya, GO 97989",C,"Minus recusandae quisquam. Accusamus culpa sint ullam explicabo.
Rem ad placeat assumenda nihil nemo quae. Maxime non voluptas magni sit."
2,3,Hesti Habibi,"Gang Yos Sudarso No. 328
Makassar, GO 68283",C,"Iure iure ipsum quisquam. Ipsam in officiis temporibus.
Sunt ab ipsam aspernatur officia. Libero provident beatae corporis ratione quis repellendus. Tenetur hic a neque hic maiores."
3,4,Ir. Reksa Simbolon,"Jl. Indragiri No. 5
Lubuklinggau, SG 66911",F,Velit rerum laboriosam laboriosam itaque porro architecto nulla. Dolorum voluptate ad molestias minus. Adipisci eum incidunt nulla.
4,5,Ganjaran Gunarto,"Gg. Rungkut Industri No. 355
Ternate, KB 88508",D,"Voluptatibus ut illum id tenetur error animi. Quibusdam autem labore ut vero.
Est maxime quibusdam iste laudantium aperiam omnis. Libero laboriosam minima."
5,6,Salimah Samosir,"Jl. Ciumbuleuit No. 8
Jambi, BT 45311",C,Odio saepe corrupti sed ipsam. Est architecto tempora vel. Placeat porro incidunt adipisci.
6,7,Cinthia Wasita,"Jl. Cikutra Barat No. 2
Bitung, DI Yogyakarta 60193",B,Earum quos dolore necessitatibus error. Voluptatum asperiores dolorum neque vel.
7,8,Darijan Farida,"Gang Tubagus Ismail No. 60
Tanjungbalai, Jawa Barat 78831",B,Distinctio quae deserunt cupiditate ipsa nihil. Tempore sapiente ut necessitatibus possimus. Quaerat sapiente voluptatem nobis ratione iure.
8,9,"R. Jail Pradipta, S.Gz","Jalan Antapani Lama No. 957
Salatiga, PA 65094",C,"Quas itaque ipsam exercitationem molestias sapiente mollitia quia.
Ratione cumque labore non culpa. Occaecati expedita totam ut."
9,10,Yance Kurniawan,"Jalan Rumah Sakit No. 5
Bontang, Sulawesi Barat 02597",A,Officia soluta aliquid aliquid dolor officia vel. Minus iste nihil. Excepturi hic ab tempore.
10,11,Tgk. Yahya Siregar,"Jl. Rajawali Barat No. 61
Kediri, DI Yogyakarta 73512",B,"Vel soluta sit harum laboriosam. Cupiditate ut optio recusandae provident distinctio.
Consequatur occaecati ut similique quod dicta. Soluta delectus quaerat minus vel."
11,12,Puti Calista Lazuardi,"Gg. Surapati No. 464
Tidore Kepulauan, SU 67946",B,Veniam totam neque. Amet commodi cupiditate veniam sequi reiciendis dolorum eaque. Aut doloribus tenetur nostrum labore.
12,13,Hasim Latupono,"Jl. Cikapayang No. 005
Lubuklinggau, MU 50373",A,In animi voluptates voluptates. Repellat necessitatibus tenetur delectus. Sequi quisquam culpa aliquam cum a. Maiores id suscipit exercitationem sed.
13,14,"R.M. Bakda Salahudin, M.M.","Gang Indragiri No. 89
Parepare, Sumatera Utara 21975",D,"Delectus quasi ipsum. Eligendi vitae odit dolor dolor.
Repudiandae quisquam perferendis odio neque ipsam ullam. Commodi cum laudantium eligendi facere minima."
14,15,Jayadi Kurniawan,"Jl. Erlangga No. 7
Jambi, PB 26290",F,Facere ipsa distinctio praesentium. Nesciunt optio recusandae vel. Enim reiciendis provident.
15,16,Olivia Ardianto,"Gang Sukabumi No. 2
Bontang, Jambi 81817",F,Quibusdam delectus earum cumque. Corrupti qui aperiam dicta.
16,17,Ellis Zulaika,"Gang Cikutra Barat No. 21
Palangkaraya, PB 22588",A,"Eos aspernatur ullam harum doloremque. Sunt molestiae odio dignissimos libero amet beatae recusandae.
Laboriosam doloremque aliquam odio. Laboriosam dolor eveniet earum officia."
17,18,Cengkir Haryanto,"Jalan Ahmad Yani No. 654
Parepare, BE 95739",E,Temporibus incidunt quae sapiente laudantium. Tempora mollitia possimus a provident nihil commodi. Necessitatibus laboriosam incidunt culpa quod dolores.
18,19,Unjani Saragih,"Gg. Tebet Barat Dalam No. 2
Kota Administrasi Jakarta Pusat, Jawa Tengah 48802",C,"Numquam sequi temporibus magnam ratione. Vero nesciunt incidunt inventore sed id.
Nam esse magni ullam minima tempora impedit. Voluptas dolor delectus est illo fugit."
19,20,Damar Yuliarti,"Gang Laswi No. 43
Padang, Gorontalo 50347",C,"Modi necessitatibus voluptates dolor doloribus. Et unde eius dolor quasi.
Iusto dolores at aperiam voluptas ipsa amet optio. Veniam excepturi facilis. Aspernatur expedita magni."
20,21,Cengkir Widodo,"Gg. Ir. H. Djuanda No. 1
Sukabumi, Maluku Utara 69075",D,"Repellendus enim laborum perspiciatis dolor pariatur. Quam commodi ducimus quas laboriosam unde exercitationem.
Ducimus corporis tenetur blanditiis ad expedita. Earum ea maiores corporis nulla."
21,22,Laras Winarno,"Gg. Yos Sudarso No. 4
Surabaya, Papua 61602",B,"Vel temporibus iste iusto libero maxime. Qui facere molestiae recusandae nostrum suscipit quaerat. Ipsum cupiditate deleniti nam.
Accusantium odit dolor tempore labore."
22,23,"Reza Tampubolon, S.Farm","Gang Antapani Lama No. 486
Serang, Kalimantan Timur 39497",E,"Voluptatem velit molestias dolorem ad. Labore modi quae voluptatum.
Voluptatem molestias quaerat amet rem nulla exercitationem.
Harum necessitatibus veniam."
23,24,"Erik Puspita, S.Ked","Gg. Moch. Ramdan No. 4
Magelang, Riau 06758",F,"Neque amet sed consequatur. Architecto error distinctio nulla.
Tempora id debitis distinctio libero vero. Totam repellendus sequi deleniti animi quas."
24,25,Mila Sihombing,"Jl. Tubagus Ismail No. 90
Tangerang Selatan, SS 63071",A,Tenetur voluptatem eum laborum ratione. Doloremque nisi veritatis libero. Quod corporis laudantium ea minima ab.
25,26,H. Gamani Kurniawan,"Jl. Indragiri No. 662
Magelang, ST 71241",B,Nihil iure ad quis modi ducimus. Harum aspernatur explicabo unde quia distinctio.
26,27,"Tgk. Banara Riyanti, S.Kom","Jalan Pasteur No. 6
Jambi, JA 75328",C,Numquam nesciunt aperiam alias architecto. Quas debitis soluta facilis assumenda ducimus officia.
27,28,Restu Irawan,"Gg. Cikapayang No. 822
Solok, MU 31694",A,Quas saepe cupiditate minus. Consequuntur voluptates consectetur porro.
28,29,Dalimin Samosir,"Gg. Astana Anyar No. 5
Pematangsiantar, DKI Jakarta 40366",D,Dolores expedita accusamus nesciunt quibusdam. Repellat recusandae voluptatem ut hic. Minima cum velit rerum.
29,30,Kiandra Mustofa,"Gg. Surapati No. 9
Serang, Kalimantan Selatan 62292",C,"Iste dolorum maiores minus ea tenetur recusandae. Veritatis dolor incidunt.
Explicabo quae est accusantium quis. Quam id nam nesciunt perspiciatis."
30,31,Oliva Nasyidah,"Gang Ahmad Dahlan No. 45
Jayapura, KT 33690",E,Sint odit provident deserunt impedit accusamus. Suscipit numquam magnam labore laudantium voluptatibus. Eos ratione similique vero labore in.
31,32,Balidin Haryanto,"Jl. Sentot Alibasa No. 02
Blitar, Sumatera Utara 64420",F,"Assumenda nulla ex eaque.
Cum harum unde nemo. Et temporibus magni enim voluptate a. Voluptas adipisci consectetur nam esse omnis a. Eaque totam magni maiores molestias corporis exercitationem."
32,33,Kunthara Usada,"Gang Gardujati No. 809
Kendari, Kalimantan Timur 75100",B,Praesentium similique veniam voluptates. Animi error molestias eos sit. Voluptatem ipsa tenetur magni quod dolores. Sequi maiores laborum ab sed dolorem repellendus.
33,34,"Citra Haryanti, S.Sos","Gg. Soekarno Hatta No. 704
Medan, JB 43483",F,Deserunt id assumenda aliquam sapiente. Sint quam dolores itaque autem. Modi ab temporibus a.
34,35,"Ir. Pranawa Lestari, M.M.","Gg. Laswi No. 3
Metro, BT 80288",A,"Non nostrum eos repellendus ratione. Nemo suscipit dolorum aperiam reprehenderit.
At eligendi tenetur esse voluptas. Dicta tempora officiis consequatur blanditiis ex hic."
35,36,"Janet Nugroho, S.I.Kom","Gang Soekarno Hatta No. 4
Tanjungbalai, SS 91881",D,Praesentium eligendi voluptates ut animi magni dolor. Officia officia nesciunt alias. Tenetur nam dolor soluta voluptatum facere sint quos. Autem voluptate laborum illum.
36,37,Banawi Pertiwi,"Jalan Siliwangi No. 1
Kota Administrasi Jakarta Barat, JB 49250",B,Cum voluptatum repudiandae eos modi occaecati libero corrupti. Laudantium amet aperiam ea natus similique. Blanditiis asperiores tempore id similique maxime consectetur.
37,38,"R.M. Ian Dongoran, M.M.","Gang Siliwangi No. 198
Pematangsiantar, Sulawesi Tenggara 77550",B,"Dolorum nemo ea debitis. Laborum explicabo illum totam.
Vitae sapiente iste necessitatibus reiciendis temporibus ipsam. Animi vitae perferendis cum sapiente. Omnis ducimus error perferendis."
38,39,Ganjaran Anggraini,"Jl. K.H. Wahid Hasyim No. 9
Tual, DI Yogyakarta 46051",D,"Odio incidunt at eos doloribus ut. Aspernatur deleniti asperiores a neque.
Ut earum illo harum laboriosam."
39,40,Prakosa Puspasari,"Gang Sentot Alibasa No. 67
Batu, Jambi 47643",D,Unde eum ducimus aliquam esse eum nostrum. Odit perferendis quas.
40,41,Laras Haryanti,"Jl. Suniaraja No. 3
Bitung, Sulawesi Utara 78253",F,Voluptate nihil sit vitae necessitatibus suscipit. Autem reprehenderit magni. Repellat incidunt tenetur.
41,42,Shakila Wahyuni,"Gang Moch. Ramdan No. 147
Sorong, DKI Jakarta 95312",F,"Voluptate possimus nemo voluptatum animi esse fuga.
At quidem aperiam maxime cumque dolores laborum.
Ad libero possimus magnam optio. Earum repellat eum tempore aliquam beatae."
42,43,Lalita Hardiansyah,"Jl. Joyoboyo No. 49
Sibolga, Sulawesi Tengah 40938",B,"Repellendus mollitia eveniet pariatur odio.
Fugiat quidem ea. Aut ut natus laborum. Quod sed officiis blanditiis fugit."
43,44,Cakrajiya Usamah,"Gang Rawamangun No. 4
Kota Administrasi Jakarta Barat, Papua 64876",D,Totam incidunt eius saepe rem facilis repellendus corporis. Dolore tempore in voluptates eum ad magnam.
44,45,"Nyana Pangestu, M.Kom.","Gg. Laswi No. 93
Batam, Maluku 14606",C,At eius corrupti unde. Ratione sint totam necessitatibus quod porro molestiae.
45,46,"R.A. Najwa Wibisono, S.E.I","Gang M.H Thamrin No. 722
Manado, Sulawesi Barat 65171",B,"Animi occaecati cupiditate labore. Corrupti enim ad laborum necessitatibus.
Rerum magnam fuga eum ipsam provident voluptatibus nemo. Amet perspiciatis soluta quod dolorum distinctio quidem."
46,47,Gandi Wibowo,"Jalan Pasirkoja No. 05
Magelang, SN 19885",D,"Veniam cupiditate deserunt iusto. Porro beatae doloremque quia laborum. Nulla eaque quo consequuntur repudiandae.
Dolore hic quasi ea atque cupiditate enim cupiditate."
47,48,Jamil Mahendra,"Jl. Ciwastra No. 821
Pangkalpinang, KB 42020",C,Harum tempora illum quia quae. Quaerat suscipit dicta voluptas nesciunt ullam. Laborum velit ipsa maxime tenetur laboriosam.
48,49,"Cut Gilda Suryono, S.E.I","Jl. Gardujati No. 2
Pematangsiantar, Sumatera Barat 54992",B,Officia quasi quo sunt natus. Voluptates sunt voluptates sit possimus unde nihil. Accusamus vel saepe necessitatibus expedita facilis qui.
49,50,Tari Farida,"Jalan Indragiri No. 798
Malang, JT 60466",A,"Commodi eius culpa impedit reprehenderit quis eos. Fuga nobis itaque facilis.
Fuga labore sit debitis. Itaque voluptatem laborum reiciendis nobis unde."
50,51,Michelle Irawan,"Jalan Rungkut Industri No. 078
Sibolga, Kepulauan Bangka Belitung 32402",C,Laudantium pariatur aperiam corporis dolorem dolorem voluptas. Quam tempora facere ipsam debitis in cupiditate. Ratione magni repudiandae repellat inventore veniam quos nesciunt.
51,52,Darmaji Susanti,"Gang Kutai No. 24
Sawahlunto, AC 50175",A,"Voluptatem expedita mollitia autem iusto error similique. Reiciendis consequuntur quam laboriosam dolor occaecati quas esse.
Numquam quisquam quo facere. Rerum eum iusto.
A delectus nostrum tempora."
52,53,Vinsen Yolanda,"Jl. W.R. Supratman No. 557
Padang Sidempuan, DKI Jakarta 98416",A,Quaerat veniam dignissimos quisquam quia laboriosam. Consequatur reiciendis id suscipit. Illum doloremque suscipit.
53,54,"Vanesa Purwanti, M.Pd","Gang Sentot Alibasa No. 345
Kendari, Maluku 61792",E,Labore repellat recusandae deserunt numquam consequatur odit. Omnis ipsam architecto ut voluptates earum.
54,55,"Betania Samosir, S.IP","Gang KH Amin Jasuta No. 19
Bogor, Kalimantan Barat 34065",F,"Accusantium ipsam libero deleniti ipsam veniam qui. Delectus quasi fugit sit.
Sit corrupti quos aperiam. Voluptatibus at occaecati velit minus. Vel odit iusto molestias ullam."
55,56,KH. Danuja Rajasa,"Gang Sadang Serang No. 7
Kendari, KR 54947",B,"Nisi molestiae optio nesciunt. Autem ullam vel cumque.
Esse inventore atque vel delectus. Quos magni perspiciatis culpa natus. Suscipit laborum laboriosam adipisci impedit accusamus provident."
56,57,"R. Wira Sihombing, M.Ak","Gang Sukabumi No. 0
Bogor, Nusa Tenggara Timur 99168",F,"Quas laboriosam beatae tenetur modi sunt praesentium nostrum. Placeat mollitia porro eius a odit.
Impedit quae animi nemo sint. Fuga perspiciatis sed labore."
57,58,Warji Budiyanto,"Jl. Astana Anyar No. 7
Makassar, Sulawesi Selatan 07814",F,"Molestiae voluptas praesentium animi odit aperiam eius. Excepturi voluptatum animi blanditiis amet. Nihil impedit iste deserunt veritatis.
Eos iure doloremque officia. Quaerat quo eum."
58,59,"Ir. Baktianto Utami, M.Kom.","Jl. Lembong No. 2
Tangerang, YO 15193",F,"Sequi animi aliquam fugit dolor qui. Quos voluptatum rerum et.
Eaque a ut nam. Ratione similique praesentium aliquam ratione deserunt minima ipsam. Unde libero reiciendis quasi nemo."
59,60,"R.A. Gina Sihombing, S.Gz","Jalan Kutai No. 42
Sawahlunto, Kalimantan Selatan 98264",B,Assumenda iure esse distinctio unde quasi. Accusantium earum itaque quidem animi quibusdam tempore. Eius repudiandae rem laborum ducimus dignissimos.
60,61,Satya Halimah,"Gang Wonoayu No. 7
Bau-Bau, Kepulauan Riau 96996",B,Itaque incidunt suscipit harum adipisci explicabo. Odio dolor dignissimos porro quibusdam tenetur distinctio. Aspernatur eos hic qui eius velit odit.
61,62,Cornelia Lazuardi,"Jalan Sukajadi No. 429
Kota Administrasi Jakarta Timur, SU 55725",D,"Quibusdam impedit ipsam quidem deserunt. Qui aut provident quasi.
Distinctio consectetur velit ab. Nostrum quo delectus voluptatum."
62,63,KH. Mulyono Mahendra,"Gang Moch. Ramdan No. 2
Bitung, SU 44933",D,"Suscipit voluptates est eius impedit assumenda. Omnis ducimus nisi accusantium.
Qui maiores molestiae maiores reiciendis aut. Iure praesentium sequi sunt deserunt nihil eius."
63,64,Hani Mardhiyah,"Gang Siliwangi No. 828
Sorong, KR 38611",E,"Deserunt doloribus quaerat impedit voluptas.
Vero numquam non voluptatem architecto reprehenderit. Necessitatibus quia laboriosam veritatis earum a ullam."
64,65,"Ciaobella Nababan, S.Pt","Jalan Rajawali Timur No. 87
Bukittinggi, Lampung 30966",D,"Iure unde fuga incidunt.
Explicabo iste pariatur error. Laboriosam ut cum exercitationem vel. Consequatur laboriosam ducimus maiores laborum veniam."
65,66,Pranata Napitupulu,"Jl. Joyoboyo No. 31
Medan, BE 94668",F,Voluptatibus perferendis sed eligendi. Enim dicta at. Distinctio eligendi veritatis libero doloribus distinctio voluptatem.
66,67,Kasim Ardianto,"Jalan KH Amin Jasuta No. 055
Cirebon, JI 04528",C,"Tempora omnis officiis totam magni veritatis.
Ducimus excepturi atque. Autem asperiores accusantium quod accusamus officia. Aspernatur explicabo minima aperiam."
67,68,Kayla Iswahyudi,"Jalan Kebonjati No. 944
Kupang, Sulawesi Selatan 93321",D,"Pariatur aperiam veritatis repudiandae eligendi incidunt. Eius quia sed facilis. Illo nam possimus nemo laboriosam voluptates.
Modi vero et unde voluptatum quasi nostrum neque. Amet at itaque."
68,69,Timbul Melani,"Jl. Ahmad Dahlan No. 79
Bima, Kalimantan Utara 46936",B,Non iste eos nisi inventore excepturi impedit. Nisi amet quibusdam impedit tempore placeat hic. Tenetur hic architecto quos nesciunt possimus.
69,70,Paulin Prabowo,"Jalan Pasteur No. 7
Kota Administrasi Jakarta Pusat, Kalimantan Barat 68062",F,"Ad dicta illum eum. Perferendis itaque nostrum animi porro blanditiis. Deleniti cumque iste expedita.
Dolores cumque minus. Quasi doloremque esse est dolore quos magnam."
70,71,"Sutan Dadap Narpati, S.E.","Gg. Suniaraja No. 03
Pontianak, BA 09029",B,"Nisi aliquam quis natus cum pariatur. Veritatis sapiente enim magnam numquam quam odio.
Repellat error optio. Quidem similique dolores. Ullam nesciunt harum similique."
71,72,Ciaobella Simanjuntak,"Gg. Jend. Sudirman No. 99
Malang, BB 08240",F,Eaque laboriosam officia minus sint. Soluta cum cumque alias quibusdam ipsam aspernatur. Voluptates vel molestias unde.
72,73,Rachel Saragih,"Jalan Lembong No. 8
Prabumulih, PB 99156",F,Architecto aspernatur inventore mollitia cupiditate totam aut dolor. Numquam blanditiis quasi sint praesentium nihil at. Quisquam natus fugit possimus molestias nihil veritatis.
73,74,"Dr. Waluyo Nugroho, S.H.","Gang Yos Sudarso No. 532
Gorontalo, Papua Barat 98210",C,"Veritatis placeat placeat consequatur eius culpa.
Labore corporis aspernatur est magnam nesciunt.
Ut quis nam voluptatibus sequi et aperiam necessitatibus. Repellat rem sapiente in occaecati."
74,75,Kacung Susanti,"Gg. Tebet Barat Dalam No. 113
Samarinda, Kepulauan Bangka Belitung 48535",F,"Voluptas laborum fugiat a sint inventore aperiam. Laborum ullam id laborum.
Dolore dicta illo tempore eos accusantium. Magnam suscipit doloremque cum. Quidem quae libero hic repellendus quo."
75,76,"Vino Widiastuti, S.E.I","Gg. Dr. Djunjunan No. 884
Tegal, SR 22845",C,Quas nobis ea modi aspernatur. Dolorem nam cumque magnam. Praesentium eligendi deleniti cumque labore architecto nobis. Corrupti illo rem.
76,77,Queen Padmasari,"Jl. Medokan Ayu No. 4
Tanjungpinang, Papua Barat 27026",D,"Earum neque iste accusantium. Et nesciunt atque harum necessitatibus quaerat nobis.
Quisquam sint dolores illum. Quod alias minus iure repellendus.
Repellat accusantium ab natus doloremque alias in."
77,78,"H. Heryanto Yulianti, S.Kom","Gg. Stasiun Wonokromo No. 42
Ternate, Sulawesi Tengah 52691",B,"Magnam deleniti fugiat totam dolorum facilis nam. Minima sequi cum ipsa. Assumenda facere corporis quibusdam.
Sit odit veritatis aliquam voluptates. Alias tempore quaerat quaerat."
78,79,Irwan Sihotang,"Gg. Gardujati No. 23
Tomohon, JT 33704",C,Vel dolorem adipisci quod quos dolorem. Optio doloremque earum omnis minima. Doloribus quod veritatis esse.
79,80,"R. Zahra Nainggolan, M.Ak","Jl. Abdul Muis No. 41
Denpasar, JT 07071",B,"Fugiat reiciendis eveniet quaerat dolores nulla cumque. Tempore minus nisi deserunt.
Quos totam ratione ipsum. Maiores repellat facere sunt quas culpa."
80,81,Rini Agustina,"Gang Bangka Raya No. 1
Palembang, Papua Barat 32872",B,"Neque voluptatibus iure aliquid vitae iste.
Ipsum corrupti eos occaecati. Odit enim totam dicta saepe eius temporibus. Ex hic magnam."
81,82,Umi Sihombing,"Gg. Ronggowarsito No. 5
Bekasi, JI 16467",D,Excepturi praesentium odio possimus aperiam dolores. Consectetur odio nesciunt accusantium doloribus. Voluptatum iure cum quia illum alias rerum corrupti.
82,83,dr. Rafid Nurdiyanti,"Gang Cikapayang No. 182
Tangerang Selatan, GO 92736",A,Vel mollitia illum commodi provident est ut aperiam. Impedit numquam tempora maxime illum numquam. Possimus maxime impedit.
83,84,Agus Mardhiyah,"Gg. Pasirkoja No. 191
Palembang, Kalimantan Tengah 02457",A,Et cumque sint veritatis pariatur perferendis. Eligendi iusto non culpa ad. Ipsam sequi tempore similique.
84,85,Digdaya Purnawati,"Jalan Pelajar Pejuang No. 294
Subulussalam, Sumatera Utara 67658",E,"Repellat ratione consequuntur non. A consequatur expedita atque. Magni corrupti maiores qui dolor eligendi.
Ullam velit quo natus. Consequatur esse suscipit ipsam nam ratione sequi sint."
85,86,"Melinda Hidayat, S.Kom","Gg. Kebonjati No. 8
Surakarta, MA 89138",E,Incidunt sit magni molestias occaecati id. Quia labore modi id. Voluptate maxime quasi maxime asperiores ex aliquid.
86,87,Gandewa Hastuti,"Gang Moch. Ramdan No. 508
Medan, DI Yogyakarta 14662",D,Accusamus hic ea hic inventore. Quisquam explicabo sed.
87,88,Azalea Hidayat,"Gang Ronggowarsito No. 9
Singkawang, JA 29523",B,Minus repellendus velit vel harum veniam repudiandae. Consequatur dolorum perferendis modi sapiente impedit laboriosam cumque.
88,89,"R. Alika Rahmawati, S.T.","Gang Indragiri No. 12
Semarang, Kalimantan Timur 28885",D,Magni quaerat incidunt soluta maxime iure architecto. Ab repudiandae quaerat excepturi. A libero voluptas debitis eius inventore.
89,90,Maimunah Kurniawan,"Gg. Veteran No. 49
Tanjungpinang, SR 41735",C,"Hic aliquam repudiandae minus. Soluta neque ad sequi quod.
Sapiente nihil iste. Autem quod voluptates consequatur beatae. Explicabo quos quidem excepturi."
90,91,"Elvin Novitasari, M.Kom.","Jalan Ciumbuleuit No. 530
Denpasar, Kalimantan Tengah 01217",A,Fugit aperiam officiis voluptates ad. Reprehenderit nemo optio odit corrupti quod. Fugiat atque optio exercitationem consequatur magni.
91,92,Patricia Wastuti,"Jalan Jamika No. 81
Sawahlunto, Banten 07670",F,"Perferendis enim molestiae. Facere dolorum cupiditate exercitationem ex fugiat minima. Reiciendis at dolor tenetur quis.
Blanditiis est ea sequi. Est ullam accusamus illo eaque natus."
92,93,Nurul Nababan,"Jl. M.H Thamrin No. 25
Depok, Maluku Utara 93061",F,"Exercitationem distinctio odio impedit. Animi exercitationem non eligendi eveniet ab.
Nulla repudiandae fugiat saepe molestias. Impedit corrupti dolores occaecati soluta omnis."
93,94,"Wisnu Hidayat, S.Sos","Jalan Cikutra Barat No. 172
Banda Aceh, MU 47787",B,"Earum iste magni temporibus voluptatem non. Sapiente voluptatem nesciunt atque laborum. Doloribus incidunt sunt recusandae sint.
Nisi qui facilis. Quia dolores maxime ad eum."
94,95,R.A. Victoria Hidayat,"Jl. Indragiri No. 3
Palu, Banten 37579",E,Adipisci ipsa fugiat ipsa vitae tempore quod. Alias quas sapiente animi nostrum quo suscipit. Magni ratione velit officiis neque accusamus.
95,96,"Drs. Rika Utama, S.T.","Gg. Peta No. 401
Kupang, Maluku 91749",A,Recusandae magnam iste dolorem aspernatur molestias officiis. Porro maxime ad cumque. Voluptates delectus laborum reiciendis ullam ea in velit.
96,97,Ega Aryani,"Gang Dipatiukur No. 7
Solok, SB 94330",A,Molestias culpa magnam consectetur veniam corporis. Quae quod nesciunt suscipit voluptatem.
97,98,Ajimat Nasyiah,"Gg. Gegerkalong Hilir No. 2
Singkawang, Bali 06631",C,Quae dolor praesentium necessitatibus repudiandae aperiam maiores. Exercitationem enim delectus sapiente magnam explicabo. Aliquid nemo deleniti esse totam quos voluptate ullam.
98,99,Mursita Wasita,"Jl. Erlangga No. 9
Makassar, NB 36139",B,"Quaerat corrupti consectetur maxime cum. Exercitationem atque a quia atque pariatur. Neque eos sint doloremque.
Dicta delectus facere labore laborum. Consequuntur nulla qui cum impedit et."
99,100,Karimah Aryani,"Jalan Dipatiukur No. 46
Purwokerto, SG 31285",F,Quasi numquam aperiam eveniet rerum voluptatum ipsa. Maiores occaecati dolorem voluptates sit itaque. Assumenda sequi cum repudiandae consequuntur.